0,mu_0,mu_1,mu_2,mu_3,mu_4,logvar_0,logvar_1,logvar_2,logvar_3,logvar_4
0,0.9212205,-1.2973963,0.763766,0.024092391,-0.38749522,-1.6413484,-1.6545321,-1.6803337,-1.6642665,-1.6928045
0,1.091932,-1.4356834,1.3757869,-0.5683663,-0.5218798,-1.6085753,-1.6274383,-1.6992966,-1.6758045,-1.7051145
1,1.1208712,-1.2738143,0.25579512,0.41789997,-0.45077205,-1.6332388,-1.6440145,-1.6511109,-1.6604437,-1.6548824
0,1.0964713,-1.428826,1.307155,-0.51463485,-0.5349358,-1.6116775,-1.6288732,-1.6978332,-1.6763985,-1.7033122
0,1.1992391,-1.3458899,0.5600321,0.22423811,-0.37201947,-1.6371839,-1.6432472,-1.6669203,-1.6700102,-1.6724548
0,1.2600868,-1.4491049,1.3964155,-0.51727486,-0.49262196,-1.6070927,-1.6249537,-1.695526,-1.6789213,-1.7008805
0,1.068042,-1.4150496,1.2723159,-0.49640238,-0.5202229,-1.6150194,-1.6325591,-1.6966773,-1.6745569,-1.7038015
1,1.3420182,-1.4504914,1.2174298,-0.3401072,-0.5434866,-1.6068606,-1.62029,-1.6881949,-1.68032,-1.6912422
0,1.0770948,-1.452051,1.4753431,-0.6638202,-0.54112065,-1.6041311,-1.6233947,-1.7033535,-1.677473,-1.7079318
1,0.9913648,-1.3726177,1.1006883,-0.36230263,-0.52673495,-1.625777,-1.6419451,-1.6923347,-1.6730305,-1.7020787
0,1.1341189,-1.4580549,1.494206,-0.65748024,-0.53996503,-1.6031399,-1.6218225,-1.7025964,-1.6788669,-1.7071995
0,1.0978667,-1.3903763,1.1264956,-0.3260847,-0.4640071,-1.6199859,-1.636115,-1.6905074,-1.6736348,-1.6979545
0,1.3150434,-1.4036329,0.87790066,0.042632323,-0.3911363,-1.623206,-1.6325226,-1.6791273,-1.6737723,-1.6786588
0,1.1838558,-1.4564965,1.4627911,-0.6157854,-0.54626197,-1.6042945,-1.6218326,-1.7001412,-1.6797485,-1.7051369
0,1.2831513,-1.3683238,0.5617108,0.24764226,-0.42325783,-1.6292361,-1.6398389,-1.6676536,-1.6668148,-1.664908
0,1.0411171,-1.2847227,0.44734114,0.28327882,-0.34648824,-1.6382768,-1.6444747,-1.6600438,-1.6618762,-1.6697047
0,1.020899,-1.4135559,1.2704458,-0.52538043,-0.55807704,-1.6123012,-1.630968,-1.6966094,-1.6745608,-1.7040417
1,1.0343667,-1.4226639,1.3372896,-0.56139916,-0.5273239,-1.6145079,-1.6321893,-1.6995739,-1.6756632,-1.7061667
0,1.0805786,-1.4446514,1.441185,-0.6303878,-0.52315843,-1.6056777,-1.6248258,-1.7021385,-1.6768067,-1.7068993
0,1.0854038,-1.4402051,1.3909786,-0.5970513,-0.5601572,-1.6076889,-1.6266806,-1.7005352,-1.6773748,-1.7059063
1,1.161416,-1.385955,1.0227374,-0.17046449,-0.39270794,-1.6223767,-1.6387309,-1.6857375,-1.6705165,-1.6909562
1,1.3059177,-1.4028345,0.84973365,0.055866715,-0.36428687,-1.6236768,-1.6330622,-1.6771405,-1.6724554,-1.6786889
1,1.1058853,-1.4289328,1.3151966,-0.51227885,-0.50027096,-1.610208,-1.6286048,-1.698165,-1.6755357,-1.7029088
1,1.3561035,-1.3303772,0.21969818,0.5336388,-0.38633728,-1.636954,-1.6444737,-1.6457982,-1.6632425,-1.6409252
0,1.1041132,-1.429731,1.346899,-0.54578876,-0.52778685,-1.6120116,-1.6296192,-1.6990002,-1.6774895,-1.7047763
1,1.218079,-1.4425288,1.2605314,-0.42623293,-0.528022,-1.6105902,-1.6261319,-1.6942499,-1.676785,-1.6979108
1,1.2521087,-1.3842055,0.77366155,0.09668685,-0.42885125,-1.6265278,-1.6364214,-1.6723384,-1.6695776,-1.6772945
0,1.0487992,-1.4305792,1.3762695,-0.60242856,-0.5636157,-1.6087915,-1.6282704,-1.700155,-1.6763457,-1.7066029
1,1.3998469,-1.4361289,1.0174206,-0.07974974,-0.44974864,-1.6138337,-1.6241434,-1.680274,-1.6764575,-1.6815077
1,1.1707317,-1.3618176,0.72888523,0.0993521,-0.43475842,-1.6336598,-1.6409621,-1.6749922,-1.670373,-1.680233
0,1.2064784,-1.3903495,0.80733514,0.034379885,-0.50584805,-1.6253604,-1.6341966,-1.676316,-1.6751457,-1.6803911
0,1.0186095,-1.3267558,0.8410635,-0.015926538,-0.4030901,-1.6371604,-1.6486168,-1.6814601,-1.6695722,-1.6919204
1,1.0729985,-1.4492774,1.4679588,-0.6625657,-0.55074775,-1.6035339,-1.6230711,-1.7029401,-1.6774399,-1.707769
0,0.9942915,-1.3661678,1.0088308,-0.24684279,-0.5225873,-1.6254823,-1.6396582,-1.6880839,-1.6696852,-1.6975338
0,1.1204274,-1.419399,1.1957704,-0.41029552,-0.5512097,-1.6112717,-1.6289417,-1.6937115,-1.6754919,-1.6980457
0,1.0949414,-1.4532074,1.4702332,-0.6562694,-0.54331005,-1.6033676,-1.6231838,-1.7029935,-1.6775676,-1.7073752
1,1.1197835,-1.263325,0.21952759,0.48555067,-0.30266038,-1.6425309,-1.6497165,-1.6502786,-1.6610781,-1.6545559
1,1.0954185,-1.3536843,0.80467373,0.039614134,-0.3866331,-1.6337726,-1.6399562,-1.6761749,-1.6673031,-1.6862706
1,1.1687669,-1.4076529,1.0922426,-0.28184044,-0.5178623,-1.6190858,-1.631849,-1.688975,-1.6752307,-1.6945595
1,1.118707,-1.4364482,1.3589467,-0.54670525,-0.51957166,-1.6067983,-1.6268384,-1.6989259,-1.6761376,-1.7035142
1,1.3252988,-1.4071943,0.93322957,-0.014880725,-0.4521039,-1.617769,-1.632084,-1.6785756,-1.6742697,-1.6813087
0,1.0919486,-1.4209872,1.2732054,-0.48694667,-0.5050961,-1.6131569,-1.6305195,-1.6972629,-1.6746434,-1.7027327
0,1.2452468,-1.42777,1.0781517,-0.24070068,-0.49607313,-1.6144,-1.6254598,-1.6867766,-1.6776457,-1.6895237
1,1.1136528,-1.4243267,1.2525145,-0.44497102,-0.49372676,-1.6138664,-1.6304568,-1.6945645,-1.674084,-1.7005613
0,1.0514525,-1.4024525,1.1750367,-0.38610244,-0.44520533,-1.6228254,-1.6355845,-1.6940322,-1.671576,-1.7009418
0,1.2292776,-1.4259971,1.1266727,-0.28987947,-0.48582187,-1.6139057,-1.6281117,-1.6899704,-1.6751591,-1.6927196
1,1.014215,-1.3435934,0.8724636,-0.07346512,-0.41857,-1.6333704,-1.6440964,-1.6813637,-1.6692607,-1.6920793
0,1.5471408,-1.430887,0.5786941,0.28509295,-0.45852238,-1.6125112,-1.6240016,-1.665323,-1.6695565,-1.6493541
1,1.0041522,-1.3493562,0.95542175,-0.12924698,-0.42158756,-1.6345965,-1.6460102,-1.6860995,-1.6687815,-1.6959497
1,1.0323708,-1.3478187,0.8897039,-0.07845201,-0.4644814,-1.6267911,-1.6418068,-1.6820599,-1.6649865,-1.6909559
1,1.4689015,-1.4333442,0.83649224,0.10586071,-0.3147715,-1.6222297,-1.6291837,-1.6752949,-1.6724689,-1.6705503
0,1.0192019,-1.3540512,0.85957485,-0.10095784,-0.5133467,-1.6314063,-1.6419203,-1.682912,-1.6699966,-1.6927984
0,1.195159,-1.43682,1.2328827,-0.41474786,-0.51851743,-1.6100171,-1.6260618,-1.6941193,-1.6774642,-1.697231
0,1.1441942,-1.4226477,1.2595011,-0.45367873,-0.5152023,-1.6133012,-1.6300079,-1.6953251,-1.6759877,-1.701027
1,1.0716006,-1.3640071,0.9679639,-0.16995174,-0.47624302,-1.6237528,-1.6404068,-1.6849818,-1.6704687,-1.6923875
1,1.0414172,-1.3725187,1.0186082,-0.25481024,-0.4973168,-1.6287265,-1.6428888,-1.6897519,-1.6704993,-1.6976069
1,1.5629393,-1.4451168,0.79506457,0.14892173,-0.33668694,-1.617289,-1.6248572,-1.6723107,-1.673605,-1.6642041
0,1.11812,-1.4556732,1.4900936,-0.65891534,-0.5313295,-1.6038818,-1.6234485,-1.7028841,-1.6782924,-1.7076219
0,1.1208665,-1.4205027,1.2144799,-0.4219932,-0.53235614,-1.6153066,-1.6298797,-1.6937296,-1.675638,-1.7002579
0,1.231792,-1.4338995,1.1483899,-0.33375415,-0.5187893,-1.6121145,-1.6254815,-1.690153,-1.6768748,-1.6938002
1,1.3370463,-1.4130385,0.848892,0.045812797,-0.4068284,-1.6227924,-1.6298208,-1.6773188,-1.6754724,-1.6768298
1,0.98835725,-1.2960932,0.7277092,0.02795543,-0.5146593,-1.6376526,-1.6523385,-1.6794674,-1.6707749,-1.6900235
1,1.5653011,-1.4374092,0.64269346,0.26956713,-0.3468681,-1.6223476,-1.6265817,-1.668676,-1.6705966,-1.6562041
1,1.2622386,-1.3863752,0.79180086,0.07757847,-0.41775608,-1.6261286,-1.6377162,-1.676546,-1.6728919,-1.677796
0,1.1783872,-1.3815967,0.9061468,-0.067217276,-0.4781916,-1.6281277,-1.6395624,-1.6818156,-1.6745305,-1.687976
0,1.0592936,-1.3755299,0.9712328,-0.18513122,-0.48632675,-1.6256737,-1.6389045,-1.6861126,-1.6711353,-1.6929021
0,1.2145796,-1.387656,0.799917,0.029759478,-0.4853809,-1.627467,-1.6344918,-1.6797907,-1.6725179,-1.6825434
1,1.1850468,-1.3325881,0.62531596,0.19937946,-0.33897263,-1.6353879,-1.6462998,-1.6688769,-1.6661708,-1.6739359
0,1.1640699,-1.3958423,1.0643107,-0.20861623,-0.4555158,-1.617979,-1.6346252,-1.6863745,-1.671137,-1.6909488
0,1.0697756,-1.3298488,0.66926676,0.11865571,-0.48162666,-1.6308374,-1.6440805,-1.6726984,-1.6671784,-1.6800027
0,1.3214115,-1.4516497,1.2347116,-0.36993343,-0.53095657,-1.606894,-1.6209111,-1.6905156,-1.6787817,-1.6933278
0,1.0795088,-1.3435267,0.8783362,-0.01895971,-0.37403366,-1.632911,-1.6475255,-1.681655,-1.6677673,-1.6895102
0,1.107813,-1.4552242,1.4656528,-0.6521969,-0.55779403,-1.6028594,-1.62248,-1.702644,-1.6779777,-1.7069964
1,1.1510724,-1.3801252,0.9070764,-0.09759049,-0.48846543,-1.6261147,-1.6382304,-1.6832286,-1.6734118,-1.6896182
0,1.3157638,-1.435316,1.2013946,-0.30173832,-0.45138317,-1.6128693,-1.6286669,-1.6882615,-1.6774006,-1.6920727
1,1.0089245,-1.3572626,0.9600656,-0.17714103,-0.4658946,-1.6296492,-1.642319,-1.6859604,-1.6692944,-1.6963036
1,1.1300117,-1.37552,0.8244049,-0.0073717246,-0.47254884,-1.6285912,-1.6368616,-1.6810645,-1.672537,-1.6868196
0,1.0365231,-1.4029675,1.2110773,-0.44102943,-0.5238292,-1.6158953,-1.6328051,-1.6945177,-1.672531,-1.7020957
0,1.2759441,-1.4058377,0.9956742,-0.111988865,-0.4050241,-1.6232579,-1.6349994,-1.6848834,-1.6738393,-1.6887262
0,1.1212126,-1.4563171,1.4806556,-0.654983,-0.54711753,-1.6026068,-1.6218086,-1.7027346,-1.6784134,-1.7070886
0,0.98673475,-1.3147752,0.62147707,0.12095288,-0.49417558,-1.6348526,-1.6471206,-1.6739873,-1.6679868,-1.6819133
1,1.29324,-1.4071648,0.8640178,0.022699244,-0.45128343,-1.621217,-1.6297754,-1.6792331,-1.6760292,-1.6795502
0,1.2970265,-1.4060527,0.76793736,0.07594485,-0.50464857,-1.6200716,-1.6292425,-1.675067,-1.6738964,-1.6750873
0,1.1251049,-1.3778027,0.96626544,-0.13357674,-0.4464823,-1.6303341,-1.641265,-1.6857632,-1.6745359,-1.6925824
1,1.1530652,-1.2865126,0.406377,0.39308506,-0.23125933,-1.6427327,-1.6497558,-1.656623,-1.6599425,-1.663743
1,0.97937375,-1.3666179,1.0600816,-0.29776183,-0.48234698,-1.6260012,-1.6419529,-1.6892259,-1.6694984,-1.6994352
1,1.2022213,-1.3593159,0.7636904,0.09424763,-0.4061397,-1.6329814,-1.6446046,-1.674263,-1.6694299,-1.6810789
1,1.0765135,-1.3406117,0.7653693,0.05068641,-0.40870354,-1.6317139,-1.6450342,-1.677406,-1.666519,-1.6853762
1,1.2812653,-1.4010909,0.9175859,-0.0016840943,-0.40271074,-1.6249151,-1.6357161,-1.6823767,-1.6749184,-1.6833172
1,1.2494888,-1.4481627,1.3749295,-0.5052261,-0.5218912,-1.6068498,-1.622753,-1.6948403,-1.6803946,-1.7003059
1,1.0821981,-1.4250326,1.313097,-0.5160471,-0.51839453,-1.6099643,-1.6292918,-1.6980106,-1.6746,-1.7032777
1,1.3668892,-1.4270419,0.9952905,-0.057939824,-0.42923215,-1.6158335,-1.62688,-1.6809317,-1.6738282,-1.6816801
1,1.1030333,-1.3914094,0.94917923,-0.19706292,-0.5546795,-1.6241629,-1.6351857,-1.6855557,-1.6741772,-1.6924798
1,1.0811003,-1.4502813,1.4687432,-0.66098624,-0.54881585,-1.6035308,-1.6232027,-1.7028639,-1.6775193,-1.707721
1,1.1142175,-1.4285516,1.2527127,-0.46450007,-0.53053993,-1.6124418,-1.6285896,-1.6955917,-1.67605,-1.7007992
0,1.030969,-1.3957709,1.1223099,-0.3674922,-0.5066415,-1.6206582,-1.6341428,-1.6913813,-1.6730562,-1.6995888
0,1.093009,-1.422889,1.3020546,-0.5192378,-0.52751786,-1.612778,-1.6293455,-1.6971474,-1.6759716,-1.7039359
0,1.2577888,-1.3364503,0.50129163,0.29983297,-0.35893226,-1.6372336,-1.6474149,-1.6623251,-1.6670322,-1.6652914
1,1.1446103,-1.3744211,0.8690178,-0.04469436,-0.4182791,-1.6312056,-1.6384401,-1.6814632,-1.6728369,-1.6877004
0,1.2656384,-1.3983805,1.0176733,-0.110607095,-0.38468966,-1.6262429,-1.6371261,-1.6842446,-1.6752733,-1.6894208
0,1.1283126,-1.4282851,1.2645656,-0.46393564,-0.52560645,-1.6123441,-1.628184,-1.6957158,-1.6755705,-1.7012315
0,1.1043398,-1.4389876,1.3775738,-0.57249385,-0.5448072,-1.6057216,-1.6251452,-1.6993365,-1.6764745,-1.704262
1,1.1127367,-1.3663266,0.81314784,0.007981956,-0.49030837,-1.6275426,-1.6390833,-1.6795489,-1.6712466,-1.6844443
0,1.0928884,-1.4526122,1.4714551,-0.65340114,-0.53901935,-1.60462,-1.624152,-1.7030284,-1.6776422,-1.7076977
1,1.1136096,-1.3960137,1.0084796,-0.23029003,-0.53391,-1.6233346,-1.634904,-1.6880984,-1.6749104,-1.6938939
1,1.1913345,-1.4168756,1.1461163,-0.31940818,-0.46641406,-1.6153299,-1.6300734,-1.6899049,-1.6743263,-1.6946182
0,1.1266636,-1.4282844,1.2733543,-0.48003006,-0.5348857,-1.6090428,-1.6265235,-1.6955718,-1.6755121,-1.7004923
0,1.4654373,-1.427514,0.7790386,0.1309299,-0.4258777,-1.6166997,-1.6280837,-1.673703,-1.6736186,-1.6672349
1,1.0256106,-1.3731016,1.0944887,-0.32795188,-0.4857571,-1.6209319,-1.6383111,-1.6906264,-1.6701362,-1.6985576
0,1.2895105,-1.4579432,1.2977701,-0.43868598,-0.53565925,-1.6054704,-1.6191484,-1.6930431,-1.6801282,-1.6958492
1,1.1871933,-1.4447076,1.3508141,-0.5135987,-0.5067561,-1.6096456,-1.6253437,-1.697333,-1.6781846,-1.7017777
1,1.2703143,-1.4269499,1.1344333,-0.27711532,-0.48216635,-1.6143751,-1.6284728,-1.6874199,-1.677069,-1.6911697
1,1.1102729,-1.3423648,0.74048996,0.083415166,-0.37374654,-1.6342938,-1.6449822,-1.6759177,-1.6661055,-1.682591
0,1.1594102,-1.4083921,1.1977109,-0.35680103,-0.4290557,-1.6196638,-1.6364326,-1.6920602,-1.6726279,-1.6983632
1,1.1026237,-1.3852154,1.0798599,-0.24570298,-0.41763455,-1.6272521,-1.6399016,-1.6889628,-1.6708705,-1.6969002
0,1.072761,-1.4380313,1.3937024,-0.59431773,-0.5251196,-1.6088737,-1.6271331,-1.7007524,-1.6762717,-1.7060918
0,1.1663668,-1.4436241,1.3821654,-0.54790986,-0.5164151,-1.6086491,-1.6242499,-1.6982292,-1.6789736,-1.7035087
0,1.3312435,-1.4362676,1.2023617,-0.3006069,-0.4230909,-1.6129924,-1.628834,-1.688372,-1.6759706,-1.6920508
1,1.0502443,-1.3923336,1.0616058,-0.28037944,-0.4997949,-1.6222049,-1.6346396,-1.6898354,-1.6729069,-1.6969745
1,1.0833802,-1.4202513,1.296934,-0.5054712,-0.5098217,-1.6128215,-1.6302767,-1.6970431,-1.6749036,-1.7035495
0,1.4675978,-1.4026597,0.533204,0.31893322,-0.4163169,-1.6280736,-1.6342316,-1.6643976,-1.6707102,-1.6554877
0,1.52134,-1.4304539,0.5966773,0.28816384,-0.41696608,-1.6228254,-1.6273298,-1.6672777,-1.6708854,-1.6551698
1,1.0389363,-1.3623078,0.96266335,-0.15139505,-0.44912294,-1.6284916,-1.6409183,-1.6862148,-1.6700314,-1.6940022
1,1.1083164,-1.4285486,1.292013,-0.504976,-0.54006445,-1.6117274,-1.6297059,-1.6975881,-1.6765288,-1.7028021
1,1.3712125,-1.4598582,1.260126,-0.36591092,-0.52984095,-1.6050426,-1.6203799,-1.6883276,-1.6794634,-1.691751
0,1.1167631,-1.3360721,0.757199,0.061476335,-0.42092633,-1.63679,-1.645872,-1.6776973,-1.6716669,-1.6859071
1,1.1675606,-1.4440564,1.3619444,-0.5359293,-0.5305625,-1.6073995,-1.6245295,-1.6973128,-1.6778008,-1.7023441
1,1.2683035,-1.4197817,1.0590531,-0.19974275,-0.51245695,-1.6172377,-1.6293696,-1.6851498,-1.6767011,-1.6889521
0,1.2121809,-1.2520186,0.006168922,0.651647,-0.35080194,-1.6412237,-1.6501755,-1.6333376,-1.6578336,-1.6354042
1,1.1052744,-1.4285768,1.291005,-0.507715,-0.5723693,-1.6087894,-1.6275045,-1.6970247,-1.6770744,-1.7020245
1,1.3779236,-1.4117174,0.7181972,0.15269628,-0.4501588,-1.6235795,-1.6306239,-1.6706388,-1.6743078,-1.6681963
1,1.350945,-1.4553403,1.0821095,-0.22071737,-0.5373595,-1.6087635,-1.6185838,-1.6855372,-1.6795958,-1.685042
1,1.4882665,-1.3825176,0.38219982,0.44812745,-0.36480588,-1.63234,-1.639134,-1.6570157,-1.6652379,-1.6467526
0,1.3953449,-1.4561698,1.0095997,-0.12203244,-0.520086,-1.6097213,-1.6162629,-1.6824096,-1.6806996,-1.6799829
1,1.2977374,-1.4400321,1.1985329,-0.33125478,-0.5254338,-1.6107924,-1.6245613,-1.6888764,-1.6792109,-1.6925486
1,1.1714841,-1.2483886,0.036410052,0.6361963,-0.3211654,-1.6406487,-1.6478771,-1.6323069,-1.6543715,-1.6341922
1,1.0176013,-1.3337342,0.74035394,0.025629539,-0.49199343,-1.6333803,-1.6421977,-1.6780379,-1.6689707,-1.6883068
1,1.4741762,-1.4152097,0.60778975,0.26372343,-0.38767985,-1.6266162,-1.631881,-1.6679928,-1.6711508,-1.660226
0,1.4044572,-1.4449869,0.837129,0.036722302,-0.5494426,-1.6117154,-1.6205713,-1.6756064,-1.6761287,-1.6719753
0,1.4520981,-1.4452112,0.9649294,0.0047535514,-0.42608047,-1.6119577,-1.6245654,-1.6790928,-1.6738619,-1.6763779
0,1.4495806,-1.3982075,0.5358568,0.3129574,-0.39058265,-1.6313565,-1.6373916,-1.6650622,-1.6698544,-1.658219
1,1.2091575,-1.4024893,1.0256335,-0.18017085,-0.45185548,-1.6215883,-1.6368539,-1.6861057,-1.673279,-1.6904708
0,1.265613,-1.3237152,0.32165253,0.43945977,-0.38223577,-1.639285,-1.6467474,-1.6534108,-1.6646554,-1.6542443
1,1.1219358,-1.4087117,1.1798822,-0.36784065,-0.4806106,-1.6177794,-1.6328076,-1.6917156,-1.6740038,-1.6983353
0,1.0949879,-1.3498167,0.7837733,0.011859642,-0.53712034,-1.6247151,-1.6385189,-1.6754144,-1.6689312,-1.6849414
0,1.0415703,-1.4119271,1.2721148,-0.52078557,-0.5566259,-1.6128966,-1.6308203,-1.696469,-1.6754669,-1.7040446
0,1.0650238,-1.3856773,1.069257,-0.2619945,-0.46083763,-1.623827,-1.6378139,-1.6888936,-1.6701881,-1.6966654
0,1.2187603,-1.426885,1.1346369,-0.29542834,-0.46037078,-1.6124603,-1.6287211,-1.6898919,-1.6742367,-1.6924099
1,1.1747059,-1.3649898,0.628401,0.15999421,-0.46290043,-1.6347142,-1.6383642,-1.6721936,-1.6702108,-1.6759007
1,1.1319087,-1.3834338,1.0498818,-0.21318847,-0.40680072,-1.6287487,-1.6403528,-1.689095,-1.6713988,-1.6959141
1,1.1240153,-1.3832464,1.0406915,-0.20225543,-0.39594314,-1.6275531,-1.6415379,-1.6895826,-1.6709528,-1.6950185
0,1.1200061,-1.4264915,1.3049957,-0.4894926,-0.4696714,-1.6108813,-1.6294496,-1.6969634,-1.6746247,-1.7018372
0,1.2152021,-1.4138204,1.0800239,-0.2470024,-0.4962604,-1.6163265,-1.6299762,-1.687954,-1.6750903,-1.6915051
1,1.0706259,-1.4279166,1.3324791,-0.56131655,-0.5632771,-1.610206,-1.6286016,-1.6983843,-1.6757622,-1.705072
0,0.958679,-1.341575,0.96561706,-0.24504782,-0.5401904,-1.6252213,-1.6388087,-1.685308,-1.6685416,-1.6963723
1,1.3098999,-1.3654547,0.4939188,0.31383482,-0.3761039,-1.6335735,-1.6378195,-1.663188,-1.6675675,-1.6618491
1,0.9281842,-1.3301715,0.92463136,-0.20247245,-0.49278396,-1.6289486,-1.6432191,-1.6839386,-1.6654618,-1.6962593
0,1.3471502,-1.3927597,0.676085,0.20603377,-0.3930615,-1.6232179,-1.6341414,-1.6679231,-1.6697387,-1.6659701
1,1.1033525,-1.3813328,0.98527116,-0.16243656,-0.45939654,-1.6230129,-1.6367333,-1.6856834,-1.6716127,-1.6918145
1,1.4429551,-1.406966,0.6002023,0.2558742,-0.4175159,-1.62671,-1.632827,-1.6673046,-1.6708411,-1.6604817
0,1.0659348,-1.4105253,1.1981297,-0.41590685,-0.519778,-1.6200402,-1.6340804,-1.6943172,-1.6741652,-1.7010272
1,0.984064,-1.3124243,0.75827336,0.05074384,-0.38715693,-1.6338724,-1.6461746,-1.6754565,-1.6636776,-1.6880625
1,1.3731728,-1.3304173,0.20293312,0.53109723,-0.4606008,-1.6375003,-1.6436042,-1.6458633,-1.6658094,-1.6422522
0,1.2393271,-1.3992401,0.8096258,0.05912071,-0.4155975,-1.6251049,-1.6322904,-1.6771821,-1.670097,-1.6782163
1,1.2613252,-1.3029282,0.23850405,0.4925796,-0.4016796,-1.6391054,-1.6473385,-1.6502819,-1.6663411,-1.6510473
1,1.261725,-1.2444096,-0.2582718,0.8012714,-0.28544837,-1.6362624,-1.6486635,-1.6224442,-1.653278,-1.6123546
1,1.3417599,-1.3833582,0.64044034,0.24819832,-0.29716524,-1.6339417,-1.6384686,-1.6695833,-1.6698602,-1.666922
1,0.9850424,-1.3406055,0.96091807,-0.1924274,-0.48556283,-1.6311697,-1.6459358,-1.6863396,-1.6688339,-1.6970092
0,1.4512943,-1.4131204,0.62860084,0.24950017,-0.40027204,-1.6271914,-1.6319734,-1.6680417,-1.6715876,-1.6615609
1,1.0882189,-1.4511029,1.4573253,-0.6489923,-0.5539871,-1.6038926,-1.6234941,-1.7026811,-1.6777132,-1.7072277
0,1.466937,-1.333272,0.09511475,0.6761844,-0.3435062,-1.6377892,-1.6459086,-1.6406901,-1.658026,-1.6274083
1,1.1183091,-1.4320792,1.3111156,-0.4969517,-0.520065,-1.610946,-1.6284271,-1.697156,-1.6759928,-1.7023225
0,1.3518984,-1.4234123,0.84706855,0.036964238,-0.4817348,-1.6216729,-1.6244252,-1.676878,-1.6771575,-1.676899
0,1.2125536,-1.4178376,1.1706213,-0.3210211,-0.45593193,-1.6151574,-1.6312518,-1.6888232,-1.6751853,-1.6947749
0,1.0101548,-1.3569715,1.0161101,-0.2585827,-0.48896444,-1.6264675,-1.6401205,-1.6880889,-1.6706604,-1.6972395
1,1.1585349,-1.3913096,0.9967516,-0.17167869,-0.45518613,-1.6234124,-1.6361938,-1.6860607,-1.6720016,-1.692232
1,1.0798566,-1.329295,0.6979787,0.09915118,-0.42939007,-1.6378403,-1.6455222,-1.6744337,-1.6658497,-1.6838702
1,1.230335,-1.4506274,1.3515819,-0.5087874,-0.54125684,-1.6057407,-1.6228224,-1.6956851,-1.6791939,-1.7002002
0,1.2317399,-1.3759984,0.80996,0.090592556,-0.31725502,-1.627328,-1.6379846,-1.6757821,-1.6683719,-1.6791164
1,1.4612223,-1.387727,0.42144305,0.38652983,-0.4640176,-1.6262814,-1.6356971,-1.6595778,-1.6698418,-1.6490469
0,0.9818126,-1.335004,0.9062567,-0.14831348,-0.5160489,-1.6291658,-1.6438419,-1.6830806,-1.6680245,-1.6939079
0,0.8120496,-1.2042519,0.5387258,0.11817722,-0.39246953,-1.6411179,-1.6539506,-1.6671486,-1.6557152,-1.6872562
1,0.9907098,-1.3429786,0.91199225,-0.14090057,-0.5004359,-1.6336877,-1.6468832,-1.6856622,-1.6706823,-1.6953782
1,1.0692111,-1.3976595,1.1345688,-0.36375767,-0.5243894,-1.6186403,-1.6337268,-1.6905936,-1.673873,-1.6981186
0,1.1120479,-1.3904816,1.1061026,-0.2969079,-0.4723558,-1.6227118,-1.637245,-1.6899592,-1.6730975,-1.6977247
1,0.9508442,-1.3233813,0.9067907,-0.15995868,-0.52698374,-1.6329724,-1.6504203,-1.684258,-1.6678063,-1.6967448
1,1.0759219,-1.3583117,0.8348846,0.02170849,-0.38731152,-1.6323018,-1.6409527,-1.6795363,-1.6682299,-1.6865624
0,1.2153423,-1.4373087,1.2538381,-0.44048765,-0.5673163,-1.6093732,-1.6244413,-1.6930217,-1.678984,-1.6982914
1,1.0222534,-1.32404,0.76779765,0.03612893,-0.3984883,-1.6372471,-1.6479132,-1.6796712,-1.6679342,-1.6892438
1,1.1060536,-1.4185351,1.2566727,-0.45513007,-0.5037535,-1.6158003,-1.6330376,-1.6956446,-1.674594,-1.701765
1,1.1225019,-1.4410664,1.366864,-0.5601817,-0.53660774,-1.6078478,-1.6259644,-1.699176,-1.677129,-1.7040471
0,1.1751423,-1.4209323,1.2168504,-0.37629035,-0.47930765,-1.6152226,-1.6300632,-1.6919818,-1.6763015,-1.6978835
0,1.3187507,-1.4223969,0.96700275,-0.07149757,-0.46265197,-1.6178768,-1.6297909,-1.68099,-1.6732173,-1.6833996
0,1.0649054,-1.4307046,1.3609079,-0.5899207,-0.56121933,-1.6084703,-1.6284717,-1.6996795,-1.6761491,-1.7059393
0,1.264104,-1.4054916,0.8778852,-0.0155391265,-0.50024676,-1.6213853,-1.6309831,-1.6804636,-1.6741607,-1.6827956
0,1.4576972,-1.4632368,0.94646585,-0.032848064,-0.53982407,-1.6056924,-1.6136402,-1.6792046,-1.6792716,-1.6732811
0,1.3914529,-1.4336177,0.7579023,0.10611267,-0.52953464,-1.6139203,-1.6217102,-1.6734191,-1.6759359,-1.6673316
1,1.1180668,-1.4512142,1.4409742,-0.62185806,-0.5394918,-1.6052791,-1.6239408,-1.7016777,-1.6776408,-1.706177
1,1.2750012,-1.3596553,0.5880229,0.22469829,-0.41594112,-1.6369853,-1.6414169,-1.6671704,-1.6714287,-1.6715258
0,1.3486719,-1.4245483,0.8710336,0.040570077,-0.44198197,-1.6193812,-1.6269714,-1.6783094,-1.674995,-1.6769886
0,1.0744709,-1.4228556,1.2932285,-0.5270118,-0.5713089,-1.61207,-1.6294191,-1.6966234,-1.6772561,-1.7042099
0,1.1410991,-1.3846655,0.9326441,-0.10078536,-0.4553646,-1.6256142,-1.6378627,-1.6826398,-1.6708261,-1.6890597
1,1.0546288,-1.3751179,1.0352925,-0.23266867,-0.45300218,-1.6270709,-1.6389431,-1.6885096,-1.6714402,-1.6960164
1,1.1862559,-1.4237837,1.1899468,-0.34876785,-0.45732754,-1.6159871,-1.6306795,-1.6925721,-1.6743437,-1.6963898
0,1.0361645,-1.3573217,0.90636915,-0.12706429,-0.51193815,-1.6307107,-1.6430919,-1.6842554,-1.6694417,-1.693632
1,1.1699349,-1.387284,0.9042218,-0.07589941,-0.49279884,-1.6246926,-1.6362419,-1.6820191,-1.6719958,-1.6868992
0,0.94665676,-1.3502789,1.0045599,-0.23409708,-0.4588531,-1.6285589,-1.6421759,-1.6871548,-1.6676099,-1.6986755
0,1.164661,-1.3919626,0.88503104,-0.030787667,-0.41352737,-1.6272062,-1.6362135,-1.682742,-1.6707796,-1.6865202
0,1.0968302,-1.3522583,0.79663986,0.027163038,-0.39155313,-1.6362178,-1.6420583,-1.6805974,-1.6703308,-1.6875097
0,1.4536604,-1.4112895,0.5602404,0.28637633,-0.44237733,-1.6253618,-1.6282668,-1.6620113,-1.670959,-1.6576984
1,1.4499165,-1.3482964,0.1459064,0.63730496,-0.19563054,-1.6378785,-1.6440567,-1.6442815,-1.6543341,-1.6267247
0,1.4451703,-1.4074059,0.6010325,0.2558623,-0.41983315,-1.626821,-1.6340601,-1.6685863,-1.6709261,-1.6594186
0,1.0762005,-1.4317168,1.3527124,-0.56295526,-0.5349833,-1.6079379,-1.6271538,-1.698996,-1.6758178,-1.7046981
1,1.0901351,-1.3030447,0.57136923,0.19797988,-0.401058,-1.6305203,-1.6413018,-1.664826,-1.6612917,-1.6738319
1,1.2896833,-1.4159011,1.0509083,-0.1822017,-0.4518763,-1.6224825,-1.6322042,-1.685661,-1.6779677,-1.6895283
0,1.0291226,-1.4153227,1.3066121,-0.52486336,-0.49831754,-1.61536,-1.6320498,-1.6979614,-1.6737882,-1.7053137
0,0.9763785,-1.367824,1.0887601,-0.33993745,-0.4862144,-1.6273948,-1.6422927,-1.6908438,-1.6702421,-1.7015133
0,0.9870834,-1.3517838,0.92999727,-0.15477583,-0.45683965,-1.6284037,-1.6428978,-1.6848916,-1.6692706,-1.6945195
0,1.0583328,-1.4227475,1.324292,-0.54599166,-0.54773486,-1.610946,-1.6293099,-1.6980166,-1.6754707,-1.7047082
1,1.5475239,-1.4598057,0.83502346,0.1038489,-0.43339938,-1.6107663,-1.6171925,-1.6734402,-1.6754369,-1.6645912
1,1.095866,-1.4261905,1.3091372,-0.5087044,-0.5065948,-1.6136935,-1.6306804,-1.6977986,-1.6758028,-1.7034749
1,0.96815133,-1.2094684,0.28833628,0.37708393,-0.39654043,-1.6260012,-1.6433257,-1.6500515,-1.6527451,-1.6591296
0,1.3664662,-1.4111398,0.80051637,0.08859744,-0.46547818,-1.6215771,-1.630845,-1.6750113,-1.6742003,-1.674022
1,1.0119116,-1.3154485,0.6064382,0.14120759,-0.4286815,-1.630379,-1.6406372,-1.671423,-1.662538,-1.6765251
0,1.3618006,-1.4522529,1.1138982,-0.24940513,-0.5440345,-1.6075369,-1.6196896,-1.6848192,-1.6790756,-1.686048
1,1.2623823,-1.4335146,1.0631382,-0.22756787,-0.5066986,-1.6145407,-1.624725,-1.6863787,-1.6771789,-1.6887333
1,1.4073659,-1.4192702,0.7570929,0.13204277,-0.4132087,-1.6234704,-1.6287967,-1.6733099,-1.6746347,-1.6700982
0,1.1775808,-1.3207144,0.41669437,0.3244188,-0.44199938,-1.6346823,-1.6461954,-1.6628778,-1.6660529,-1.6642925
0,1.1063727,-1.4469886,1.4225156,-0.61811763,-0.55075145,-1.6040627,-1.6239704,-1.7011944,-1.6768821,-1.7056707
1,1.342347,-1.3878762,0.6872376,0.20410343,-0.37544206,-1.6276644,-1.6354177,-1.6695325,-1.6699709,-1.6675354
1,1.0232047,-1.3656893,1.0191039,-0.24049163,-0.45929027,-1.6297642,-1.6433374,-1.6905717,-1.6708087,-1.6986657
0,1.321905,-1.43046,0.9413732,-0.057063248,-0.46887404,-1.6169971,-1.6269209,-1.6812711,-1.6750733,-1.6811621
1,1.1052388,-1.3916892,1.0755912,-0.3049486,-0.53185964,-1.6215537,-1.6359391,-1.689318,-1.6743057,-1.6966232
1,1.2162893,-1.3795911,0.7973758,0.05281799,-0.46425903,-1.6302006,-1.6376121,-1.6775213,-1.6731043,-1.6820945
0,1.1581137,-1.4428662,1.3277556,-0.5194908,-0.55082554,-1.6047227,-1.6230693,-1.6966789,-1.6767931,-1.7007259
1,1.4459968,-1.3260629,0.101743095,0.6423778,-0.360812,-1.6401652,-1.6504382,-1.6437044,-1.6602193,-1.6304778
0,1.2984483,-1.4268758,1.0347726,-0.15559854,-0.46604604,-1.6168143,-1.6272274,-1.6846278,-1.6758788,-1.6864884
0,1.034632,-1.3572402,0.9353534,-0.15738459,-0.4673485,-1.6293522,-1.6417418,-1.6846726,-1.6685078,-1.6936717
1,1.0695436,-1.3609743,0.941585,-0.13048813,-0.42865193,-1.6260582,-1.6429341,-1.6849159,-1.6667796,-1.6922312
0,1.0290492,-1.4262582,1.3709141,-0.590283,-0.5486476,-1.611035,-1.6297191,-1.6999074,-1.6757997,-1.7069318
1,1.0878727,-1.1999856,-0.13222829,0.66919774,-0.36995804,-1.637458,-1.6460735,-1.6258496,-1.6500407,-1.6285502
0,1.0930053,-1.4476789,1.4338311,-0.6323224,-0.55674183,-1.6045077,-1.623879,-1.7018323,-1.6774765,-1.7066317
0,1.121263,-1.4247454,1.2561057,-0.46869925,-0.51998925,-1.6117164,-1.6295121,-1.6961107,-1.6753922,-1.7010638
1,1.2072814,-1.4116397,1.0800762,-0.24262014,-0.4529108,-1.6178992,-1.6326443,-1.6890101,-1.6737522,-1.6923568
1,1.0652349,-1.4286743,1.3312371,-0.5548469,-0.5520296,-1.608234,-1.627192,-1.6986127,-1.6756071,-1.7042162
0,1.2729264,-1.447682,1.3150916,-0.4462629,-0.4942266,-1.6080437,-1.6254736,-1.6928793,-1.6779702,-1.6973866
1,1.275225,-1.4323834,1.1522156,-0.2897859,-0.4973408,-1.6114304,-1.6251689,-1.6876031,-1.6772337,-1.69132
0,1.0991904,-1.387722,1.0206808,-0.21936211,-0.48408243,-1.6251562,-1.6387429,-1.6878752,-1.6730994,-1.6939491
1,1.1391455,-1.4254642,1.2865332,-0.4854555,-0.56000185,-1.6080486,-1.627652,-1.6952618,-1.6760814,-1.7008789
0,1.1193597,-1.3458652,0.5640435,0.18442708,-0.49214074,-1.626719,-1.6381723,-1.6687198,-1.6661102,-1.6717322
0,1.1191387,-1.4325826,1.3122617,-0.517424,-0.53410184,-1.6089903,-1.6270323,-1.6971025,-1.6754818,-1.7023414
1,1.2352842,-1.4271051,1.1877122,-0.34986973,-0.5233857,-1.6107997,-1.6282264,-1.6897243,-1.6748999,-1.6946335
0,1.1020042,-1.4550648,1.4844004,-0.66726726,-0.55278355,-1.6030128,-1.6230806,-1.7032514,-1.6782583,-1.7078567
1,1.2008858,-1.3434702,0.6691732,0.15186945,-0.3698322,-1.6373696,-1.6447041,-1.6729927,-1.6678679,-1.6792338
0,1.2976663,-1.4468615,1.1631899,-0.31862047,-0.5508575,-1.6075844,-1.6220535,-1.6888769,-1.6780092,-1.6908327
1,0.9898346,-1.401424,1.2714963,-0.5250805,-0.5651561,-1.6164972,-1.6351957,-1.6966817,-1.6750731,-1.7056913
1,1.1924801,-1.4058388,1.054302,-0.25020868,-0.5308242,-1.6210643,-1.6322609,-1.68646,-1.6775732,-1.693114
1,1.1658782,-1.2384987,-0.0882967,0.6775531,-0.3379767,-1.6347015,-1.6412338,-1.6246182,-1.649641,-1.6269549
1,1.1877732,-1.2705574,0.1584447,0.51123196,-0.38523424,-1.6392345,-1.6462722,-1.6430023,-1.6618743,-1.6487225
0,1.1235199,-1.4402087,1.3834407,-0.5629384,-0.5276665,-1.6061393,-1.6260715,-1.6989489,-1.676424,-1.7038895
1,1.0902625,-1.4446698,1.4260048,-0.6158927,-0.53984344,-1.6050233,-1.624404,-1.7012857,-1.6766069,-1.7059873
1,1.4433616,-1.3593365,0.34411386,0.4685416,-0.37079397,-1.6405176,-1.6449546,-1.6559572,-1.6667681,-1.6511307
0,1.0474418,-1.4012719,1.2150238,-0.42522183,-0.5037655,-1.6183736,-1.6348139,-1.6950984,-1.6723439,-1.7014616
1,1.1192546,-1.3816295,0.9124709,-0.11155744,-0.49151137,-1.6250681,-1.6366254,-1.6833264,-1.6708909,-1.689637
1,1.215914,-1.3082827,0.42432556,0.3388874,-0.37502068,-1.6408018,-1.6465724,-1.6595528,-1.6671257,-1.664857
0,1.3015022,-1.4355823,1.1785605,-0.30362132,-0.45651436,-1.6117786,-1.6257917,-1.688034,-1.6769985,-1.6915934
0,1.2638825,-1.3969263,0.9709664,-0.0675306,-0.33148858,-1.6263518,-1.6376727,-1.6846983,-1.6722077,-1.6875781
1,1.0804231,-1.3920038,1.1322564,-0.35134813,-0.5034945,-1.6231387,-1.6379135,-1.691016,-1.674109,-1.6996005
0,1.3675053,-1.362933,0.3598829,0.41633576,-0.39737648,-1.633681,-1.6396906,-1.6565365,-1.6671143,-1.6511859
0,1.3592856,-1.3743244,0.54590815,0.26855302,-0.4372843,-1.6267486,-1.6373403,-1.6652861,-1.6703286,-1.6607603
1,1.4299433,-1.4581516,1.1372445,-0.21773681,-0.4689413,-1.6095508,-1.6208886,-1.6841611,-1.6786656,-1.6849746
1,1.1797705,-1.4436959,1.29935,-0.49255866,-0.56032085,-1.6071892,-1.6241924,-1.6961663,-1.6783489,-1.7003272
0,1.2121012,-1.3895248,0.91623306,-0.06478005,-0.45260775,-1.6243122,-1.6360935,-1.6825985,-1.6737947,-1.6864507
0,0.95393443,-1.1783237,-0.13086778,0.6609466,-0.26941958,-1.6280365,-1.6384776,-1.6241074,-1.6465017,-1.6270641
1,1.0758879,-1.3969625,1.1803807,-0.39232713,-0.4932838,-1.6178952,-1.6350559,-1.6929604,-1.6728375,-1.6997555
0,1.0094318,-1.388704,1.1319729,-0.40270224,-0.5562039,-1.6120372,-1.630523,-1.6913315,-1.6722811,-1.698932
1,1.0561393,-1.3508621,0.95587623,-0.13593799,-0.3942642,-1.6325443,-1.6464901,-1.6849511,-1.666915,-1.6944945
0,1.1981108,-1.4365004,1.1581557,-0.3623479,-0.5269882,-1.6120471,-1.6249317,-1.6910992,-1.6766325,-1.6947726
1,1.5283269,-1.4622012,0.8533441,0.08523048,-0.43719617,-1.6116375,-1.6178464,-1.6739436,-1.6763269,-1.6657767
0,1.3775513,-1.3984097,0.61026806,0.21387812,-0.4601242,-1.6298159,-1.6317142,-1.6659683,-1.6738384,-1.6666541
1,1.3269315,-1.3923941,0.5546137,0.25504658,-0.4771737,-1.6278007,-1.6317956,-1.6655368,-1.6699245,-1.6616389
0,1.1239724,-1.4326373,1.274042,-0.4731431,-0.5207828,-1.6120273,-1.6282766,-1.6965948,-1.6763359,-1.7010233
1,1.1604282,-1.3401847,0.6028638,0.18699257,-0.4517273,-1.6344805,-1.6429688,-1.6700817,-1.67146,-1.6747732
1,1.1383429,-1.2944278,0.32376274,0.40087548,-0.39106512,-1.6372126,-1.6473259,-1.65705,-1.6633124,-1.6594839
0,1.1193545,-1.4400069,1.3778241,-0.56353647,-0.5194023,-1.6065297,-1.6263348,-1.6995877,-1.6763675,-1.7041246
0,1.0271084,-1.3860427,1.126994,-0.34874678,-0.50884295,-1.618777,-1.6346284,-1.6911883,-1.6705577,-1.6985708
0,0.9990246,-1.3666291,1.0490136,-0.2916935,-0.46702364,-1.6306508,-1.6427677,-1.6906873,-1.6709204,-1.7004454
1,1.2401042,-1.3747951,0.8388951,0.052038264,-0.3934638,-1.627415,-1.6410636,-1.6769487,-1.6701565,-1.6814784
0,1.3580226,-1.453354,1.2627759,-0.36280176,-0.48362294,-1.6073242,-1.6229507,-1.6899782,-1.6781178,-1.6929928
0,0.9877865,-1.3965387,1.2271526,-0.4687636,-0.49291086,-1.621373,-1.6368359,-1.6955961,-1.6728972,-1.7043165
0,1.2724062,-1.3010383,0.09081505,0.60698044,-0.34005606,-1.6430893,-1.6498653,-1.6388187,-1.6566514,-1.6402128
0,1.1384265,-1.3848665,1.0047858,-0.14693883,-0.39249426,-1.6238561,-1.636794,-1.6853633,-1.6706212,-1.691741
0,1.0611004,-1.4276936,1.3365097,-0.561912,-0.5630252,-1.6104401,-1.6295999,-1.698836,-1.6761713,-1.7052375
1,1.1719264,-1.4399173,1.3109362,-0.48101825,-0.49878544,-1.608285,-1.6252089,-1.6960347,-1.6777722,-1.7002096
0,1.1000857,-1.4434406,1.3907691,-0.5848899,-0.5328257,-1.6075957,-1.6255879,-1.6998656,-1.6766001,-1.7049527
0,1.084582,-1.4551158,1.4939593,-0.6753659,-0.54258853,-1.6038301,-1.6234562,-1.7038054,-1.6779163,-1.7084895
1,1.1075374,-1.4056096,1.139013,-0.35230517,-0.5321408,-1.6134452,-1.630373,-1.6911649,-1.6738392,-1.6967033
0,1.0878189,-1.4324577,1.3442425,-0.55147,-0.5320836,-1.611628,-1.6291708,-1.6991606,-1.676367,-1.704968
1,1.077526,-1.4210129,1.2835017,-0.492689,-0.52089477,-1.6153566,-1.6313157,-1.6972771,-1.67481,-1.7035449
0,1.2775475,-1.3992306,0.8621294,0.041223474,-0.3714927,-1.6259123,-1.6326208,-1.6796216,-1.6728607,-1.6805205
0,1.1037997,-1.4295622,1.3316938,-0.53201807,-0.53262794,-1.6095958,-1.6279314,-1.6977221,-1.6759261,-1.7033342
0,0.98785573,-1.33561,0.8551773,-0.06519869,-0.43770084,-1.6322777,-1.6428784,-1.6804672,-1.6665099,-1.6916779
0,0.95959,-1.2255603,0.24574664,0.36777315,-0.47850096,-1.6357511,-1.6463519,-1.6529337,-1.6588529,-1.6625185
0,1.0857948,-1.4447087,1.4318475,-0.62491417,-0.5395247,-1.6066184,-1.6257384,-1.7017767,-1.677122,-1.707082
1,0.94832337,-1.3603052,1.0533931,-0.34861967,-0.5317945,-1.620491,-1.6381978,-1.6893506,-1.6711358,-1.6994196
1,1.1417896,-1.4285194,1.2572646,-0.45118606,-0.52375,-1.6101599,-1.6267768,-1.6943665,-1.675235,-1.6992688
1,1.1012896,-1.2566961,0.14064993,0.49469826,-0.4555393,-1.6427361,-1.6471791,-1.642071,-1.6603668,-1.6529063
1,1.1072469,-1.445165,1.3921784,-0.59355724,-0.55497724,-1.605729,-1.624559,-1.700391,-1.6770998,-1.7050729
1,1.060643,-1.3766882,1.0294746,-0.21058598,-0.43112656,-1.6304793,-1.6428968,-1.6885102,-1.6701833,-1.6967504
0,1.1725658,-1.3442335,0.6266826,0.18164982,-0.3744981,-1.6290776,-1.6400124,-1.669445,-1.6658043,-1.6725765
0,1.1024989,-1.4547648,1.4759575,-0.66050416,-0.54730916,-1.603076,-1.6224284,-1.7028996,-1.6778932,-1.7074771
0,1.305341,-1.4444697,1.1174896,-0.26012388,-0.49869952,-1.6111363,-1.6218494,-1.6877385,-1.6781534,-1.6888872
1,1.168399,-1.4472543,1.3490965,-0.5378606,-0.5570629,-1.6070343,-1.6238616,-1.6978077,-1.6785578,-1.702563
0,1.3993131,-1.3508465,0.28439096,0.5010535,-0.36930928,-1.6365707,-1.6412153,-1.6498886,-1.6646379,-1.645314
0,1.1418281,-1.3814576,0.87124556,-0.021439377,-0.44230515,-1.6274871,-1.6379863,-1.6808075,-1.6708925,-1.6852198
1,1.0881364,-1.2480422,0.16113007,0.499663,-0.4070927,-1.6396614,-1.6466507,-1.644521,-1.6593739,-1.651864
0,1.0818093,-1.4450593,1.4134909,-0.6084035,-0.54836065,-1.6054096,-1.6245875,-1.7013744,-1.6769215,-1.705876
0,1.317537,-1.3762522,0.77535623,0.10502235,-0.4433456,-1.6294268,-1.6413704,-1.673613,-1.673239,-1.6771685
1,1.0805277,-1.454412,1.4919645,-0.6780079,-0.5490684,-1.6037909,-1.6232078,-1.7037504,-1.6777476,-1.7084852
0,1.5297196,-1.4030869,0.42104566,0.43552756,-0.38890466,-1.6236944,-1.6329305,-1.6598439,-1.6673019,-1.6434181
1,1.0944513,-1.4449773,1.4070694,-0.6079334,-0.5470158,-1.6053724,-1.6245313,-1.701212,-1.6766176,-1.705779
0,1.1596962,-1.3173417,0.44387192,0.32263514,-0.35164383,-1.6319352,-1.6411216,-1.6575727,-1.6567571,-1.6614249
1,1.1862365,-1.3895413,0.99420846,-0.14070722,-0.42229196,-1.6261535,-1.6381433,-1.6857731,-1.6729043,-1.6906779
1,1.0727268,-1.3111213,0.48834148,0.22712477,-0.48301116,-1.6373553,-1.6428331,-1.6660005,-1.6689632,-1.6729738
1,1.0938493,-1.4531038,1.4765507,-0.6571455,-0.5366534,-1.6029829,-1.6225061,-1.7027951,-1.6772935,-1.7072054
0,1.0963695,-1.3754958,0.9389636,-0.139613,-0.48792145,-1.6250407,-1.6380692,-1.6846514,-1.6731895,-1.6913999
0,1.0908473,-1.4290419,1.3526423,-0.5533109,-0.5277831,-1.6093987,-1.6286935,-1.6991098,-1.6760073,-1.7046484
0,1.1829544,-1.3392464,0.44622734,0.36141104,-0.31013596,-1.6278296,-1.6379782,-1.6604396,-1.6623144,-1.6600376
0,1.2270089,-1.3818241,0.93348336,-0.035459977,-0.39474413,-1.6251147,-1.6401154,-1.6809411,-1.6715422,-1.686377
0,0.7840511,-1.1346688,0.17415892,0.39887142,-0.3039553,-1.634823,-1.6488584,-1.6425902,-1.6450146,-1.6588045
1,1.0919954,-1.3426683,0.7604057,0.04274662,-0.43842453,-1.6293503,-1.6411388,-1.6764199,-1.6688247,-1.6841357
1,1.2704468,-1.2470925,-0.06375425,0.66447985,-0.4114872,-1.6440467,-1.6536635,-1.6328299,-1.6581038,-1.63573
1,1.363989,-1.4420452,1.1811819,-0.26344815,-0.4078105,-1.6118778,-1.6287373,-1.6870447,-1.6753672,-1.6895319
1,1.1892431,-1.3758456,0.79668,0.037363246,-0.48347852,-1.6288352,-1.6404687,-1.6779689,-1.6704235,-1.6827562
1,1.101661,-1.4069035,1.1889269,-0.39849156,-0.520654,-1.618246,-1.6334828,-1.6928114,-1.6751478,-1.6997916
1,1.0650108,-1.4407617,1.4200929,-0.63926095,-0.5732317,-1.6048163,-1.6247348,-1.7012447,-1.6770413,-1.7069182
0,1.2753134,-1.4298235,1.0571251,-0.20824778,-0.50290173,-1.6153984,-1.6244419,-1.6871938,-1.6761388,-1.6890389
1,1.1339209,-1.426179,1.2805572,-0.46952248,-0.52485436,-1.6111195,-1.6273419,-1.6954943,-1.6762966,-1.7011523
1,1.1308534,-1.4450002,1.407256,-0.58608234,-0.5371101,-1.6060574,-1.6242235,-1.6996174,-1.6776323,-1.704762
0,1.2571816,-1.4110891,0.93903375,-0.099054426,-0.50920206,-1.6220871,-1.6321578,-1.6825218,-1.6779943,-1.685675
1,1.0190383,-1.3715787,1.0565264,-0.26962486,-0.43046692,-1.6293747,-1.6417091,-1.6904895,-1.6707735,-1.6991972
0,1.347572,-1.369309,0.55286044,0.2804978,-0.30344212,-1.632702,-1.6393569,-1.6648401,-1.6674355,-1.6633581
1,1.1574892,-1.4333972,1.2480905,-0.44844002,-0.5430427,-1.6097975,-1.6272583,-1.6945175,-1.6764485,-1.6990044
0,1.0701684,-1.3116077,0.486718,0.2409868,-0.44326848,-1.6343687,-1.6407379,-1.6652708,-1.6666664,-1.6708176
1,1.4759536,-1.4109695,0.6293994,0.2794759,-0.2825093,-1.6282755,-1.6321343,-1.6678752,-1.6691327,-1.6594563
0,1.096591,-1.3885427,1.0016088,-0.218642,-0.4923214,-1.6210729,-1.632375,-1.68557,-1.6725392,-1.6923026
1,1.2352723,-1.4433172,1.3008423,-0.45180067,-0.49114692,-1.6078738,-1.6247433,-1.6940311,-1.6776425,-1.6981313
0,1.2929327,-1.3960984,0.7144861,0.117120035,-0.4665463,-1.6263119,-1.6343882,-1.6743577,-1.6711472,-1.6750398
0,1.410797,-1.4400954,0.8840204,0.03033871,-0.47892,-1.6128931,-1.6226815,-1.6775625,-1.6759667,-1.6737361
1,1.3366547,-1.3290266,0.29711995,0.46702608,-0.3807209,-1.638921,-1.6458226,-1.6506082,-1.6650194,-1.6506493
1,1.1731588,-1.4466487,1.3906072,-0.56010616,-0.5345364,-1.6051404,-1.624125,-1.6984627,-1.6779876,-1.7029982
1,1.1635252,-1.3915155,0.9105748,-0.0842808,-0.45453152,-1.6281177,-1.6338933,-1.6843268,-1.6751591,-1.6886624
1,1.1721685,-1.3323473,0.5122281,0.23415284,-0.46791625,-1.6376137,-1.6438569,-1.6656804,-1.6696291,-1.6712028
0,1.3190112,-1.381641,0.7605174,0.1308952,-0.34982783,-1.6274599,-1.6379685,-1.6738272,-1.6723309,-1.6747421
0,0.94999474,-1.3211688,0.8855797,-0.18986464,-0.5662298,-1.6333413,-1.6483803,-1.6842142,-1.6711708,-1.696771
1,1.1021563,-1.4089048,1.1685619,-0.3926153,-0.5157458,-1.6145178,-1.6324307,-1.6938734,-1.672518,-1.6992792
0,1.1194848,-1.4478116,1.3962523,-0.59151775,-0.54687095,-1.606401,-1.6249155,-1.7004857,-1.6774408,-1.7049285
0,1.2902741,-1.4210726,0.94890684,-0.070838846,-0.43572846,-1.622165,-1.628661,-1.6822203,-1.6768147,-1.6843773
1,1.2488412,-1.2773483,0.14163984,0.5882474,-0.3147432,-1.643645,-1.6524633,-1.6426162,-1.6591865,-1.643375
1,0.922825,-1.1913589,0.23286732,0.38336384,-0.38124442,-1.6431444,-1.6523085,-1.6539721,-1.6589719,-1.6680877
0,1.1866244,-1.4387748,1.3105012,-0.48549,-0.5229521,-1.6094948,-1.6254052,-1.6955703,-1.6773599,-1.7005672
0,1.0855849,-1.4283545,1.3514075,-0.5520319,-0.5103469,-1.6120787,-1.6307024,-1.6992303,-1.6760973,-1.7055055
0,1.1881475,-1.4306402,1.274056,-0.4498834,-0.52235323,-1.6099862,-1.6284109,-1.6943923,-1.6767604,-1.6992804
0,1.0704482,-1.3921605,1.1606671,-0.3689312,-0.4865135,-1.6156453,-1.633503,-1.6915158,-1.6712868,-1.6987107
1,1.4218011,-1.331921,0.19830143,0.5514903,-0.45246923,-1.6365724,-1.6456503,-1.6459979,-1.6651849,-1.6417577
1,1.1495765,-1.4221427,1.1430837,-0.36454883,-0.5694564,-1.6137733,-1.6291234,-1.6912537,-1.6754417,-1.6965991
1,1.148607,-1.4361316,1.3329812,-0.53117746,-0.5576537,-1.6075103,-1.6263864,-1.6975914,-1.677948,-1.702715
0,1.5778266,-1.4252759,0.41815227,0.41459066,-0.5101228,-1.6126068,-1.6249447,-1.6569333,-1.6668843,-1.6382678
1,1.1729455,-1.35296,0.66734374,0.1302487,-0.45022324,-1.6305219,-1.6415228,-1.6715547,-1.6693772,-1.6766897
0,0.8983072,-1.2407644,0.45824495,0.23169658,-0.41264334,-1.6415423,-1.6536359,-1.664297,-1.6571579,-1.6785177
1,1.0917827,-1.3639085,0.81293833,-0.0042993603,-0.50560933,-1.6266371,-1.6396197,-1.6813378,-1.6710403,-1.6862128
1,1.0885297,-1.4415984,1.4130051,-0.6123444,-0.5493765,-1.6062905,-1.6258893,-1.7008221,-1.6769427,-1.7062421
1,1.2937478,-1.4113412,0.9644224,-0.057928298,-0.42294428,-1.621397,-1.630546,-1.6817873,-1.6735454,-1.6845502
0,1.1432327,-1.4448396,1.401708,-0.5738085,-0.5205854,-1.6082442,-1.6264873,-1.699622,-1.6773316,-1.7046885
0,1.0859035,-1.3700734,0.9310974,-0.1107494,-0.4195672,-1.6326538,-1.6419619,-1.6847402,-1.6704196,-1.6926398
0,1.4136298,-1.443072,0.9531622,-0.028833212,-0.48312014,-1.6110991,-1.6231138,-1.6793166,-1.6755157,-1.6770995
1,1.4121197,-1.3860588,0.49272797,0.3496812,-0.3244813,-1.6331627,-1.635418,-1.6606531,-1.6685995,-1.6564713
0,1.3778898,-1.3930436,0.6346236,0.25934687,-0.29293862,-1.6323335,-1.6365125,-1.6680604,-1.6694968,-1.6650623
0,1.3290335,-1.3019422,0.086379774,0.66777647,-0.2640878,-1.634598,-1.6413449,-1.6351485,-1.652559,-1.6266752
1,1.4909014,-1.3744209,0.3391289,0.46460626,-0.370773,-1.6334662,-1.6405396,-1.6557732,-1.6645877,-1.644534
0,1.1395556,-1.430383,1.2860322,-0.4828634,-0.5229172,-1.6086247,-1.6279573,-1.6967212,-1.676357,-1.700993
0,1.1753762,-1.4443223,1.352499,-0.5365657,-0.55716306,-1.6038541,-1.6234558,-1.697604,-1.6775258,-1.7015034
1,1.2573736,-1.4337562,1.0346402,-0.18545032,-0.4848364,-1.6163013,-1.6274244,-1.6862969,-1.6761343,-1.6872461
0,1.0608672,-1.3589271,0.8289777,-0.0038993736,-0.44994345,-1.6324795,-1.6420013,-1.6817765,-1.6682881,-1.688529
0,0.89380884,-1.3136421,0.8547742,-0.08762237,-0.44233784,-1.6214254,-1.6348255,-1.6786321,-1.6612394,-1.6894535
0,1.2712599,-1.402802,0.88891774,-0.040056735,-0.5309092,-1.6191766,-1.6308727,-1.6811658,-1.6770973,-1.6827444
0,1.1293358,-1.3579582,0.8611485,-0.0105297025,-0.45951936,-1.6277506,-1.642474,-1.6805832,-1.6700631,-1.6867622
0,1.0807384,-1.4113683,1.1617147,-0.38019663,-0.5094612,-1.6171168,-1.6323737,-1.6924633,-1.6738471,-1.6990771
0,1.1563689,-1.421323,1.1581188,-0.35171196,-0.48159063,-1.6167767,-1.6301395,-1.6925442,-1.675335,-1.6972225
0,1.082325,-1.4408543,1.4060817,-0.60960025,-0.53404874,-1.6080029,-1.6266029,-1.7012638,-1.67667,-1.7062507
0,1.2113079,-1.3370265,0.5451275,0.24769054,-0.42778134,-1.6323689,-1.643307,-1.6655219,-1.6684287,-1.6687515
0,1.2094767,-1.418586,1.2525065,-0.38722256,-0.43122268,-1.6157379,-1.6331211,-1.6925812,-1.6747822,-1.6985317
0,1.1306057,-1.4531555,1.4243113,-0.611691,-0.56115454,-1.6029972,-1.6222646,-1.7010487,-1.6778151,-1.7050748
1,1.0276809,-1.3767492,1.1151893,-0.35413745,-0.51235384,-1.621051,-1.638901,-1.6913319,-1.6718211,-1.7002281
0,1.2936531,-1.4568287,1.2596058,-0.41157994,-0.5563105,-1.605251,-1.6191957,-1.6920704,-1.6794804,-1.6946077
1,1.310043,-1.340502,0.54722357,0.28163925,-0.36939344,-1.6325172,-1.6424963,-1.6606421,-1.6656553,-1.664354
0,1.0857886,-1.4049677,1.1478994,-0.36401588,-0.49061248,-1.6210471,-1.6334168,-1.6921148,-1.6745353,-1.6988827
0,1.026744,-1.375788,1.1032823,-0.3386878,-0.5139955,-1.6252381,-1.6382831,-1.690186,-1.6720753,-1.7003168
0,1.0886244,-1.3948959,1.1027836,-0.33488423,-0.5200816,-1.6175741,-1.6356652,-1.6905061,-1.670889,-1.6974479
1,0.8699937,-1.1973369,0.2548409,0.3562004,-0.34982237,-1.6352291,-1.6442311,-1.6489472,-1.6500934,-1.6647676
1,1.1757201,-1.4079003,1.0559449,-0.23784722,-0.49258214,-1.6161035,-1.6323987,-1.6867592,-1.6737623,-1.6919467
1,1.3942432,-1.3392377,0.23090005,0.52299577,-0.44174305,-1.6346292,-1.6434435,-1.6493948,-1.6649235,-1.641275
1,1.0256467,-1.2340052,0.27053016,0.3959958,-0.38365063,-1.6397092,-1.6457288,-1.6491361,-1.6597568,-1.6624215
1,1.1775987,-1.3482102,0.6574764,0.20360354,-0.26108524,-1.6387563,-1.6476495,-1.6714791,-1.6669843,-1.6762937
0,1.066776,-1.4328246,1.3699105,-0.57448983,-0.51529074,-1.6114894,-1.6288576,-1.6998258,-1.675566,-1.7059965
1,0.9970336,-1.3784204,1.1156607,-0.34643427,-0.49042848,-1.6243886,-1.6410737,-1.6927314,-1.6723888,-1.7009869
1,1.1839203,-1.3813145,0.81852365,0.018467717,-0.48598135,-1.6252106,-1.6352102,-1.6766958,-1.6702526,-1.6816252
0,1.0862845,-1.4144391,1.2417467,-0.4493035,-0.5158116,-1.6162082,-1.6321764,-1.6960478,-1.6749234,-1.7023754
0,1.3365301,-1.432544,1.0308657,-0.13795406,-0.46240088,-1.6150836,-1.6252952,-1.6833856,-1.6776677,-1.6846857
0,1.2408208,-1.3478526,0.62217027,0.22100447,-0.361243,-1.6343467,-1.6430883,-1.6692914,-1.6686099,-1.6713306
0,1.102291,-1.4199749,1.2268502,-0.4706624,-0.57376415,-1.6128614,-1.6307075,-1.6946565,-1.6762607,-1.7014571
0,1.3908966,-1.4338193,0.9049233,0.018878823,-0.44448772,-1.617942,-1.6245679,-1.678933,-1.676593,-1.6770914
0,1.2283926,-1.4323866,1.2425814,-0.38986275,-0.47551274,-1.6095543,-1.6276146,-1.6923817,-1.6754584,-1.696223
0,1.311721,-1.4160249,0.9362003,-0.028286519,-0.44329238,-1.6208553,-1.6295365,-1.6799953,-1.6758791,-1.6821309
0,1.0405505,-1.3774573,1.0943111,-0.29504743,-0.43939698,-1.6290184,-1.6419898,-1.6898566,-1.6699331,-1.6992838
1,1.1099585,-1.451107,1.4583517,-0.6365359,-0.529963,-1.6040753,-1.6239951,-1.7023624,-1.6773014,-1.7067598
1,1.1323113,-1.4497572,1.4292684,-0.60428596,-0.5315631,-1.604377,-1.6237384,-1.7008867,-1.677575,-1.705325
1,1.132572,-1.3287635,0.70428354,0.12064513,-0.34968373,-1.6345283,-1.6447662,-1.6727561,-1.6686081,-1.6806593
1,1.120478,-1.4174654,1.2327511,-0.4303989,-0.50358266,-1.6166663,-1.6305659,-1.6943679,-1.6756325,-1.7009034
1,1.0761684,-1.4421284,1.4262608,-0.6288964,-0.5572076,-1.6053187,-1.6256009,-1.7015709,-1.676958,-1.7068464
0,1.0910804,-1.4344472,1.3472464,-0.5656887,-0.55296075,-1.6084416,-1.6262976,-1.699175,-1.6765773,-1.7047609
0,1.085863,-1.422672,1.3093611,-0.50841606,-0.4953488,-1.6114666,-1.6291324,-1.6975201,-1.674344,-1.7032795
1,1.5506356,-1.4177566,0.5220201,0.38842854,-0.26836422,-1.6297874,-1.6328924,-1.663406,-1.6653234,-1.6494452
1,1.153589,-1.2353315,0.011990884,0.6562522,-0.20926446,-1.6395285,-1.6468122,-1.6284994,-1.6520294,-1.6315554
1,1.2362635,-1.4397552,1.1288484,-0.31464303,-0.5408414,-1.6093662,-1.6219047,-1.6900522,-1.677732,-1.6914363
0,1.0669479,-1.3913239,1.1219634,-0.34197217,-0.51134944,-1.6242816,-1.6376185,-1.6914773,-1.6742433,-1.6998392
1,1.0689608,-1.4386379,1.405435,-0.6107734,-0.55170774,-1.605582,-1.625108,-1.7007953,-1.6766981,-1.7061712
1,1.110371,-1.4465704,1.4245226,-0.6095823,-0.53173906,-1.6052829,-1.6246712,-1.7012289,-1.6773976,-1.7059364
1,0.9861113,-1.2730035,0.46478128,0.23807359,-0.41041192,-1.6344981,-1.6491838,-1.665058,-1.6617411,-1.6726676
0,1.1101122,-1.4528147,1.4535915,-0.6417376,-0.5578304,-1.6039021,-1.6237323,-1.702059,-1.6778574,-1.7067958
1,1.4581902,-1.4364825,0.90578854,0.052734405,-0.37412977,-1.6165713,-1.6259933,-1.6768266,-1.6750629,-1.6736076
0,1.2184497,-1.3585635,0.6083132,0.20107844,-0.41139162,-1.6319625,-1.639939,-1.6676183,-1.6714771,-1.669873
0,1.1626216,-1.437115,1.3403472,-0.5161889,-0.51075435,-1.6090996,-1.6276069,-1.6974773,-1.6773914,-1.7022144
1,1.3485454,-1.3934665,0.8445493,0.067858726,-0.37342337,-1.6290363,-1.6393514,-1.6755023,-1.6708804,-1.6799127
0,1.0971743,-1.396857,1.0696788,-0.26614842,-0.47993785,-1.6188774,-1.6365972,-1.6882371,-1.6714255,-1.6940185
1,1.050901,-1.4074849,1.2103951,-0.46202156,-0.58452207,-1.6132463,-1.6329983,-1.6952454,-1.674861,-1.7018722
0,1.1518143,-1.4240189,1.2022109,-0.39152768,-0.47746333,-1.6139686,-1.629864,-1.692823,-1.6751744,-1.6974443
0,1.2312039,-1.4343656,1.1470134,-0.31643033,-0.52126,-1.611111,-1.6247013,-1.6888449,-1.6772954,-1.6930814
0,1.1214775,-1.3942688,1.0228573,-0.2161968,-0.44974342,-1.6296785,-1.6381719,-1.6888936,-1.6747178,-1.6947727
1,1.1927116,-1.4261595,1.1389796,-0.3287442,-0.5183854,-1.6140573,-1.6296674,-1.6910745,-1.6748527,-1.6944268
0,0.9707186,-1.3644718,1.065662,-0.34327462,-0.5461371,-1.6246583,-1.639814,-1.689362,-1.670706,-1.7001094
1,1.0729616,-1.3761387,1.0107306,-0.21235181,-0.46833813,-1.627697,-1.6412355,-1.6883063,-1.6709442,-1.6958618
0,1.0623999,-1.4060422,1.2112241,-0.44372526,-0.53931236,-1.6159708,-1.6350237,-1.6951058,-1.6748198,-1.7017133
1,1.3055578,-1.4436954,1.3483845,-0.4503034,-0.45272535,-1.608639,-1.6278856,-1.6928748,-1.6777844,-1.6981868
1,0.86811423,-1.2801892,0.7484571,-0.0019153678,-0.46251217,-1.6334766,-1.6469896,-1.6759984,-1.6636602,-1.6902882
1,1.0405995,-1.3409909,0.9577995,-0.11985415,-0.36402604,-1.6356766,-1.6484271,-1.6856993,-1.6685352,-1.6958865
0,1.5034946,-1.4446622,0.74939907,0.13701633,-0.4903263,-1.6119208,-1.6200329,-1.6718609,-1.6745487,-1.6631749
0,1.3653109,-1.4531891,1.0763307,-0.1954218,-0.51183474,-1.6070079,-1.6207342,-1.6850934,-1.6759499,-1.6840575
0,1.0595443,-1.370207,0.93477947,-0.17920332,-0.5076601,-1.6233164,-1.6349864,-1.6839577,-1.6692873,-1.691667
1,1.446708,-1.3421386,0.29340047,0.50976855,-0.2742694,-1.6418513,-1.6498063,-1.6528339,-1.6628786,-1.6457096
1,1.1433213,-1.4423058,1.3695428,-0.548784,-0.52471143,-1.6072245,-1.6249481,-1.6983186,-1.6769906,-1.7033477
0,1.116716,-1.4242604,1.3045444,-0.49012917,-0.49886873,-1.611786,-1.6297426,-1.69679,-1.6754922,-1.7023121
0,1.4168737,-1.3609939,0.3668438,0.4575527,-0.32903552,-1.6340902,-1.6406269,-1.6554683,-1.6645722,-1.6469263
1,1.5102009,-1.4394889,0.7391342,0.17168619,-0.4091058,-1.6170789,-1.622486,-1.6718633,-1.6736041,-1.6630949
0,1.2444096,-1.4454467,1.1887462,-0.37403515,-0.5553044,-1.6069527,-1.6210266,-1.6920786,-1.6777142,-1.6941589
0,1.0978514,-1.4166917,1.2491555,-0.44935462,-0.48237026,-1.6133832,-1.6328717,-1.6957175,-1.6729984,-1.7004493
1,1.3606188,-1.304604,0.08158439,0.652222,-0.33495462,-1.6413717,-1.6448704,-1.6377405,-1.6576809,-1.6334074
0,1.4242669,-1.4012715,0.67264795,0.22652759,-0.30674073,-1.6300645,-1.6351706,-1.668454,-1.669916,-1.6648768
0,1.0172777,-1.3969172,1.2070566,-0.46148333,-0.5634325,-1.6145328,-1.6337459,-1.6936417,-1.6736476,-1.7022015
1,1.3557849,-1.3643407,0.58076006,0.2771259,-0.32121423,-1.6324276,-1.6422418,-1.6670753,-1.6695852,-1.6644185
0,1.1298918,-1.4289633,1.3280572,-0.5053155,-0.47715703,-1.6111869,-1.629862,-1.6976478,-1.6748666,-1.7029257
0,1.2475318,-1.4334695,1.1319293,-0.26892266,-0.44343248,-1.6158272,-1.6250957,-1.6888671,-1.6766449,-1.6915582
1,1.0340286,-1.4189128,1.3342437,-0.57313323,-0.5708062,-1.6090796,-1.6289898,-1.6985408,-1.6759717,-1.7054057
0,1.2210761,-1.3313632,0.45134932,0.32384408,-0.3440286,-1.6333127,-1.6399232,-1.6592182,-1.6623906,-1.6624808
0,1.5956864,-1.4300805,0.49135807,0.38265255,-0.3944175,-1.622141,-1.628425,-1.6641263,-1.667207,-1.6465087
0,1.1379336,-1.448333,1.3940469,-0.5811139,-0.5571329,-1.6045306,-1.6240361,-1.6995769,-1.6776679,-1.703969
1,1.3674392,-1.3103637,0.124859095,0.61934257,-0.32700142,-1.645156,-1.6506808,-1.6419771,-1.6627225,-1.6416382
1,1.2947288,-1.4376523,1.1825547,-0.30933315,-0.49634245,-1.6099877,-1.6248679,-1.6878982,-1.6770272,-1.6914682
0,1.1092157,-1.4415945,1.3620766,-0.5712762,-0.5671767,-1.6054788,-1.6251863,-1.6993876,-1.6764997,-1.7041563
0,1.0755817,-1.4208595,1.2831173,-0.4907879,-0.4940775,-1.6118469,-1.6307693,-1.6974275,-1.6736757,-1.7029024
1,1.0560716,-1.3990507,1.1822249,-0.39834473,-0.49301073,-1.6189158,-1.6355101,-1.6938686,-1.6730045,-1.7007184
1,1.1410389,-1.3374597,0.6232947,0.1954006,-0.329573,-1.6373762,-1.6442753,-1.6694974,-1.6673353,-1.6751207
0,1.2418389,-1.3389575,0.6125213,0.24158037,-0.28197342,-1.6323261,-1.6443796,-1.6663281,-1.6652018,-1.6694813
0,1.1998137,-1.3922457,0.7945836,0.032070566,-0.4955894,-1.6314101,-1.6334213,-1.6779858,-1.6750603,-1.6833769
1,1.067372,-1.3952492,1.0645643,-0.31292498,-0.54378325,-1.6221614,-1.6360154,-1.690932,-1.6748546,-1.6973196
1,1.3699477,-1.3939437,0.7049637,0.17666224,-0.3716309,-1.6239169,-1.6332366,-1.6699744,-1.6680355,-1.6684105
0,1.3090903,-1.4340382,1.0668063,-0.2122072,-0.51248735,-1.6131054,-1.6260796,-1.6848985,-1.6774871,-1.6875865
1,1.3854448,-1.3978789,0.65554553,0.20880298,-0.38947734,-1.6248771,-1.6347544,-1.6704242,-1.6708304,-1.665565
0,1.0857234,-1.4545214,1.4888881,-0.6732976,-0.55076337,-1.6024214,-1.6219966,-1.7034321,-1.6777165,-1.7078532
0,1.1687175,-1.4232222,1.217363,-0.39187798,-0.49601498,-1.6140519,-1.6313099,-1.6931671,-1.6745468,-1.6979744
0,1.3058205,-1.4034344,0.7982613,0.04981154,-0.512812,-1.6263366,-1.6311363,-1.6766462,-1.6779784,-1.6778792
0,1.1366798,-1.4067558,1.1532052,-0.33393228,-0.4672766,-1.6199176,-1.6349151,-1.691805,-1.673207,-1.6970685
0,1.0309943,-1.3567266,0.8954965,-0.11754938,-0.4915713,-1.6278698,-1.6393666,-1.6838378,-1.6703593,-1.6917951
0,1.1569917,-1.4337449,1.312041,-0.49143332,-0.5011096,-1.6114637,-1.6277721,-1.6971167,-1.676971,-1.7021407
0,1.0985327,-1.438475,1.3525455,-0.55824095,-0.53917634,-1.6082531,-1.6271065,-1.6993378,-1.676609,-1.7042638
1,1.1246006,-1.4311125,1.3310856,-0.5158738,-0.48982823,-1.6122156,-1.6287187,-1.6980681,-1.675343,-1.7035092
0,1.0735695,-1.4387237,1.4000046,-0.60683626,-0.5547193,-1.604242,-1.6247429,-1.7004888,-1.6763769,-1.7056103
1,1.2253207,-1.4423805,1.3177644,-0.466568,-0.49654028,-1.6088059,-1.6264501,-1.6944783,-1.6778274,-1.6992182
1,1.278771,-1.392421,0.7296865,0.11466545,-0.4584071,-1.627528,-1.6335801,-1.6742742,-1.6732956,-1.6754224
1,1.2302547,-1.3199965,0.38952366,0.4258068,-0.26070276,-1.6390326,-1.6462177,-1.6543307,-1.6639622,-1.6575863
1,1.09317,-1.3775539,0.9766976,-0.18463619,-0.52912104,-1.6240894,-1.6377705,-1.6859554,-1.6720408,-1.6930907
0,0.93315256,-1.2842337,0.60975254,0.09753444,-0.5440729,-1.6328158,-1.6460532,-1.671814,-1.6672512,-1.6839321
0,1.059753,-1.3556311,0.90634775,-0.1351268,-0.50523037,-1.6296791,-1.6448866,-1.6831754,-1.670444,-1.6933188
0,1.1181201,-1.4535389,1.469736,-0.6430979,-0.5308359,-1.6034093,-1.6229331,-1.7021887,-1.6776948,-1.7067684
1,0.90513307,-1.3116972,0.894637,-0.1679976,-0.48770946,-1.6352214,-1.6494161,-1.6844691,-1.666686,-1.698747
1,1.4716278,-1.3888831,0.39046553,0.43017954,-0.3813814,-1.6284819,-1.6350237,-1.6576847,-1.6655614,-1.6460928
1,1.1998895,-1.4440964,1.2492564,-0.43313876,-0.54178846,-1.6090776,-1.6230944,-1.6941394,-1.6779804,-1.6974132
1,1.1401249,-1.4180863,1.2519579,-0.43271783,-0.4663121,-1.6150631,-1.6313215,-1.6949447,-1.6749465,-1.7000315
0,1.1490899,-1.3547416,0.77961946,0.05215586,-0.45774722,-1.6308963,-1.6450928,-1.6790613,-1.670944,-1.6831602
0,0.9280433,-1.2285172,0.27482092,0.3641362,-0.33319405,-1.637503,-1.6471066,-1.6534504,-1.6541052,-1.6632198
1,1.1056381,-1.3833323,1.0432453,-0.24422795,-0.49148318,-1.6198416,-1.6358365,-1.6866105,-1.6712644,-1.694003
0,1.1721662,-1.435554,1.3639959,-0.51641285,-0.4819663,-1.6117275,-1.6284643,-1.6972011,-1.67767,-1.7030529
1,1.0966027,-1.4374007,1.3860085,-0.58812964,-0.5442467,-1.605723,-1.6268092,-1.7005783,-1.676647,-1.7050765
0,1.0201933,-1.3336761,0.85572875,-0.055374123,-0.41444385,-1.627628,-1.6413512,-1.6793163,-1.6632415,-1.6899831
0,1.2507622,-1.3680949,0.5980697,0.22623979,-0.35596815,-1.634322,-1.6386491,-1.668018,-1.6698027,-1.6693987
0,0.98389983,-1.387692,1.1889753,-0.45541093,-0.5491683,-1.6158211,-1.6333351,-1.692307,-1.6722785,-1.7024013
1,0.98869073,-1.3505057,0.9357983,-0.15986447,-0.49532807,-1.6294487,-1.6447024,-1.6855019,-1.6705682,-1.695213
1,1.1754909,-1.4289287,1.257871,-0.42025495,-0.45689455,-1.6129621,-1.6296763,-1.6935658,-1.6738764,-1.6985826
1,1.3070323,-1.2731478,0.0505447,0.6464321,-0.32825148,-1.636637,-1.6447185,-1.632763,-1.6563413,-1.6293352
0,1.061497,-1.4080267,1.2378567,-0.46868372,-0.52265555,-1.6153113,-1.6333212,-1.6960369,-1.6736772,-1.7030404
0,1.4357197,-1.4269735,0.81407726,0.10932217,-0.39622208,-1.6164271,-1.6263585,-1.6737473,-1.6728157,-1.6696334
0,1.2535536,-1.418541,0.9752143,-0.104685254,-0.47819728,-1.6176875,-1.6302742,-1.6842186,-1.6748434,-1.6853007
1,0.9816917,-1.3679227,1.0874978,-0.34830174,-0.5157863,-1.6258729,-1.6421441,-1.6903989,-1.6715511,-1.7016385
0,1.3072249,-1.4458551,1.2037476,-0.3472427,-0.51591694,-1.6082038,-1.6234462,-1.6906713,-1.6777861,-1.692827
0,1.0870674,-1.4482061,1.4489665,-0.64011544,-0.544164,-1.603513,-1.6228168,-1.7021558,-1.6769037,-1.7069392
0,1.1432384,-1.4497836,1.4072378,-0.5805944,-0.52413595,-1.605062,-1.6234435,-1.6996014,-1.6773432,-1.7040422
0,1.0920004,-1.4529698,1.4823112,-0.6629482,-0.53133106,-1.6039498,-1.6235394,-1.7032926,-1.6776106,-1.7079824
1,1.1801782,-1.4160237,1.2000045,-0.37355027,-0.5076394,-1.6146177,-1.6312838,-1.6918656,-1.6761212,-1.6974227
0,1.1957587,-1.2933152,0.24818492,0.49231791,-0.3019652,-1.6347052,-1.6433386,-1.6457821,-1.6606445,-1.6465786
1,1.1418651,-1.4186414,1.1895331,-0.391312,-0.52383316,-1.6124331,-1.6303419,-1.6934066,-1.6746418,-1.6976779
1,1.5706623,-1.4050252,0.40739077,0.45993525,-0.38998798,-1.627718,-1.6374631,-1.6606125,-1.6635333,-1.6411741
1,0.92554027,-1.2623513,0.46596316,0.23331168,-0.38929477,-1.638036,-1.6516411,-1.6655194,-1.6629971,-1.6758524
1,1.2125297,-1.2814324,0.13754456,0.6123434,-0.23078012,-1.6402042,-1.6499949,-1.6389501,-1.6553082,-1.6390733
1,0.90856844,-1.2796628,0.59672153,0.14616919,-0.3447377,-1.6409255,-1.6483773,-1.6679688,-1.6603445,-1.6834098
1,1.0568235,-1.2171048,0.16870573,0.5488741,-0.287304,-1.6407923,-1.6449285,-1.645076,-1.6571114,-1.6530337
0,1.2956088,-1.4421617,1.3142086,-0.42932522,-0.45725608,-1.6104305,-1.6275198,-1.6931801,-1.6774409,-1.6975733
1,1.1093674,-1.4286877,1.3207922,-0.51338834,-0.48885283,-1.611295,-1.6289017,-1.6979475,-1.6753329,-1.7027284
0,1.0770069,-1.3282439,0.6405839,0.11702932,-0.45659274,-1.6367246,-1.6465793,-1.6726915,-1.669491,-1.682194
0,1.0305233,-1.3666981,0.9914665,-0.1918589,-0.41621032,-1.6276386,-1.6397932,-1.6871431,-1.6692394,-1.6946341
1,1.2615592,-1.3467443,0.5124922,0.26769152,-0.40003794,-1.6350068,-1.6428301,-1.6633836,-1.668913,-1.6659343
0,1.0658306,-1.4063145,1.2390934,-0.45224005,-0.49383762,-1.6173518,-1.6360997,-1.6955007,-1.6734084,-1.7027773
1,1.3365476,-1.3824818,0.6747841,0.18182464,-0.37657976,-1.6284881,-1.6357394,-1.6698272,-1.6718707,-1.6704443
1,1.0975409,-1.2649004,0.15021998,0.55461824,-0.19477345,-1.6407152,-1.6474446,-1.6429719,-1.6542163,-1.6492356
0,1.2175269,-1.4046558,1.0853341,-0.22136173,-0.39172655,-1.6206928,-1.6361904,-1.6889113,-1.6718266,-1.6929064
0,1.1907382,-1.420862,1.2201481,-0.3822607,-0.45409665,-1.6118851,-1.6321639,-1.6928194,-1.6725527,-1.6975739
1,1.2798342,-1.3177793,0.29568908,0.47524655,-0.36021376,-1.6395583,-1.6441061,-1.6506336,-1.6648178,-1.6523705
1,1.4003236,-1.3444971,0.25510237,0.5453019,-0.17982431,-1.6392853,-1.6440725,-1.6483855,-1.6560344,-1.6393415
1,1.4407692,-1.408054,0.6034184,0.27191013,-0.39992437,-1.6247895,-1.6310157,-1.6648065,-1.6698904,-1.658314
1,1.0716697,-1.4302002,1.3488959,-0.56532943,-0.5308636,-1.607962,-1.626908,-1.6990213,-1.6759005,-1.7049975
0,1.3318626,-1.4519371,1.1568749,-0.29168314,-0.5037361,-1.6100129,-1.6202918,-1.6878401,-1.6805044,-1.6891433
1,1.2037579,-1.4057827,1.057302,-0.24150066,-0.50878555,-1.61877,-1.6310978,-1.6879597,-1.6755617,-1.6923543
0,1.1658058,-1.386713,0.8284496,-0.0035128,-0.5455803,-1.626073,-1.6347383,-1.6787622,-1.6748593,-1.6845663
0,1.0360085,-1.3988931,1.1939361,-0.44982556,-0.54521304,-1.6194612,-1.6361951,-1.6948745,-1.674217,-1.702301
1,1.0595765,-1.2823019,0.44513476,0.2760122,-0.4258777,-1.6324992,-1.6466249,-1.6597427,-1.6623098,-1.6685151
0,1.4505795,-1.3922884,0.59505516,0.28737152,-0.27422705,-1.629297,-1.6372569,-1.6664213,-1.6696979,-1.6597573
0,1.1638546,-1.4229715,1.2386566,-0.42280692,-0.51063883,-1.6145518,-1.629511,-1.6930516,-1.6775154,-1.6994065
1,1.1921799,-1.4048084,1.0144538,-0.18432873,-0.4791339,-1.619348,-1.6323746,-1.6864849,-1.6745996,-1.690175
1,1.1317583,-1.3966585,1.1171337,-0.28925428,-0.46160027,-1.6199857,-1.6373111,-1.6905456,-1.6722165,-1.6966677
0,1.2772768,-1.4329424,1.1729944,-0.3177088,-0.5066559,-1.6117014,-1.6269416,-1.6897461,-1.6765124,-1.6929945
1,1.0503744,-1.4102496,1.2694261,-0.49555337,-0.5526296,-1.6134759,-1.6325303,-1.6961005,-1.6751565,-1.7033292
0,1.1176424,-1.4297631,1.3377894,-0.51734304,-0.47981232,-1.6121405,-1.6296169,-1.6979077,-1.674918,-1.7033882
0,1.0987581,-1.2856961,0.3710763,0.3393528,-0.34242958,-1.6357491,-1.6419193,-1.6551377,-1.6603559,-1.662532
1,1.0983702,-1.4300793,1.3335093,-0.5139173,-0.47343412,-1.6116383,-1.628178,-1.697128,-1.6737086,-1.7029134
1,1.0371776,-1.3786241,1.0591713,-0.27177915,-0.47191516,-1.6255753,-1.6396034,-1.6913964,-1.6721691,-1.6977814
0,1.3976307,-1.4075774,0.7590515,0.14825779,-0.32358378,-1.6283578,-1.6324911,-1.6740055,-1.6717205,-1.6717986
0,1.0707932,-1.4036844,1.1752644,-0.38687515,-0.4880359,-1.6173584,-1.6338445,-1.6927946,-1.6721468,-1.6998161
0,1.1114261,-1.4152585,1.2398423,-0.4367089,-0.48750815,-1.614034,-1.6311933,-1.6951569,-1.6739677,-1.7006346
1,1.1266524,-1.3768575,0.91576743,-0.08222406,-0.41263863,-1.6257027,-1.6355875,-1.6831176,-1.6701051,-1.6888627
0,1.0024282,-1.3460271,0.9273869,-0.16731709,-0.51094955,-1.6284866,-1.6432445,-1.684419,-1.6687775,-1.694269
0,1.2105695,-1.3994457,1.0267863,-0.17603685,-0.4350953,-1.6204578,-1.6372852,-1.6855053,-1.6718712,-1.6903266
0,1.1723076,-1.2842846,0.21086825,0.50538796,-0.2787823,-1.6444337,-1.6499441,-1.644585,-1.6580797,-1.6500554
0,0.73082906,-1.085847,0.11366884,0.39494902,-0.34522352,-1.6253593,-1.6382699,-1.6358894,-1.6439666,-1.6554935
0,1.0667471,-1.4318656,1.3671788,-0.588563,-0.56115395,-1.6071402,-1.6267697,-1.6995176,-1.6762109,-1.7056403
0,1.5163869,-1.3901383,0.39775088,0.4249527,-0.45244744,-1.6281309,-1.6369002,-1.6575837,-1.668068,-1.6458764
0,1.0055342,-1.3952764,1.2088553,-0.44755873,-0.5137963,-1.6180334,-1.6330981,-1.6938161,-1.6720741,-1.7022564
0,1.1065618,-1.4040569,1.1506407,-0.35203218,-0.4864041,-1.6195529,-1.6350038,-1.6921968,-1.6738418,-1.6979048
1,1.3767742,-1.4431934,1.152417,-0.24430528,-0.4878786,-1.6117201,-1.6219602,-1.6853993,-1.6803355,-1.6883274
1,1.1035272,-1.4283139,1.3189149,-0.5056956,-0.490151,-1.6117014,-1.6299148,-1.6973866,-1.6752143,-1.7030612
0,1.0645667,-1.4339002,1.3699415,-0.5934947,-0.56677777,-1.6085827,-1.6274533,-1.6999148,-1.6767073,-1.7059358
0,1.060059,-1.4264216,1.3335863,-0.55715436,-0.54706645,-1.6100541,-1.6286656,-1.6989744,-1.6763227,-1.7050294
1,1.0691525,-1.4118818,1.2583127,-0.47494352,-0.5234642,-1.615871,-1.6331604,-1.6962095,-1.6740547,-1.7030936
0,1.4999496,-1.3809412,0.34633052,0.46346784,-0.36639327,-1.6326514,-1.6389071,-1.6559454,-1.6643596,-1.6442002
0,1.1401299,-1.4259624,1.2271441,-0.42072,-0.5303138,-1.6122628,-1.6288546,-1.6939172,-1.675606,-1.698704
1,1.1460737,-1.3634745,0.668412,0.11494066,-0.45832872,-1.636555,-1.6394498,-1.674072,-1.6713445,-1.6797253
1,1.3428348,-1.455828,1.2247114,-0.3470361,-0.5062561,-1.6070124,-1.61977,-1.6897852,-1.6794977,-1.6917001
1,1.3688505,-1.373471,0.55960554,0.27049643,-0.41191453,-1.6314447,-1.63615,-1.6633092,-1.6696599,-1.6634611
0,1.3295532,-1.4351243,1.054424,-0.18609226,-0.53308547,-1.6090175,-1.6229454,-1.6836585,-1.6759683,-1.6852491
0,0.93866974,-1.3277733,0.8162314,-0.04922468,-0.49616724,-1.6309913,-1.6451234,-1.679652,-1.6647277,-1.6903116
1,0.9583722,-1.3357983,0.89572185,-0.16072585,-0.5433788,-1.6334304,-1.6458926,-1.6844723,-1.6716022,-1.6955087
0,1.0655037,-1.4230168,1.3209804,-0.53662646,-0.5314078,-1.6112947,-1.6294624,-1.697982,-1.6756346,-1.7042922
1,1.2712109,-1.4546382,1.2491242,-0.406277,-0.53745925,-1.6056516,-1.6192037,-1.6922667,-1.67866,-1.6947486
1,0.91396415,-1.3147352,0.9099066,-0.1977165,-0.56658167,-1.6310138,-1.6461493,-1.6824188,-1.6678027,-1.6974524
1,1.146114,-1.4012264,1.0317707,-0.21225603,-0.5025924,-1.6190366,-1.6328847,-1.6870098,-1.6728164,-1.6916409
0,1.140511,-1.407824,1.0763669,-0.2743306,-0.4773665,-1.6212071,-1.6311711,-1.6902254,-1.676,-1.6954348
1,1.2207645,-1.4496247,1.3033073,-0.46492353,-0.5271601,-1.6078265,-1.6223606,-1.6948618,-1.6790177,-1.698462
1,1.1375989,-1.4011115,1.0621722,-0.24791993,-0.5032346,-1.6214054,-1.6351625,-1.6888853,-1.6746804,-1.6937693
0,1.1182604,-1.4242814,1.2615235,-0.4783574,-0.54038185,-1.6103722,-1.6292174,-1.6960288,-1.6756243,-1.7011032
0,1.0023255,-1.2688401,0.5276324,0.20097733,-0.34217495,-1.6388612,-1.651639,-1.6648918,-1.6598002,-1.6773999
1,1.3978183,-1.3669235,0.4818147,0.35632178,-0.37334728,-1.6323363,-1.6394901,-1.661704,-1.671707,-1.6562963
0,1.0840186,-1.4402146,1.4049196,-0.6074414,-0.55093974,-1.6058899,-1.6262895,-1.7010033,-1.6769665,-1.7060163
1,1.1231853,-1.3918607,1.0189393,-0.23124488,-0.5438846,-1.6210818,-1.6353443,-1.6865605,-1.6734861,-1.693372
0,1.2595307,-1.4196688,0.9439373,-0.089220636,-0.5227075,-1.6155705,-1.6290944,-1.6817954,-1.6729105,-1.6838527
1,1.1667517,-1.3616731,0.74450934,0.08456773,-0.4010522,-1.6379346,-1.6417956,-1.6755435,-1.6728725,-1.6839058
1,1.0618033,-1.4289004,1.3391062,-0.5473409,-0.53521544,-1.6093135,-1.6278224,-1.6989278,-1.6749036,-1.7046971
1,1.1668079,-1.2845628,0.3049465,0.43508804,-0.310288,-1.6313937,-1.6437794,-1.6487797,-1.6617825,-1.651236
0,1.0623796,-1.4381618,1.4039693,-0.6061399,-0.54862976,-1.6081716,-1.627434,-1.7012248,-1.6766769,-1.7066474
1,1.1213651,-1.4288449,1.3044281,-0.5021401,-0.5159285,-1.6108155,-1.6288049,-1.697098,-1.6761147,-1.7025023
1,1.0398163,-1.3417671,0.83937293,-0.035964545,-0.4511034,-1.6276773,-1.638857,-1.6779165,-1.6670823,-1.6879752
1,0.9830669,-1.3606216,1.0402187,-0.27944103,-0.47342592,-1.6277566,-1.6403418,-1.6876736,-1.6689047,-1.6989127
0,1.1236435,-1.4474534,1.4314607,-0.61335135,-0.5336719,-1.6053538,-1.6239058,-1.7007935,-1.677655,-1.705871
1,1.1121072,-1.4338372,1.3407564,-0.54141814,-0.53255254,-1.6091698,-1.6275879,-1.6983385,-1.6768808,-1.7035801
1,1.0595335,-1.4290928,1.3498126,-0.557756,-0.52316386,-1.6107987,-1.6300404,-1.6998123,-1.6755513,-1.7054402
1,1.3614395,-1.3358961,0.2558271,0.5349736,-0.32762954,-1.6384182,-1.6442305,-1.6496753,-1.6621405,-1.6438662
0,1.1048349,-1.4359252,1.3425542,-0.5556106,-0.5504732,-1.6065623,-1.6252071,-1.6990942,-1.6771156,-1.7037951
1,1.2086996,-1.4418254,1.3519316,-0.5054768,-0.5092615,-1.6074609,-1.6263695,-1.696769,-1.6773585,-1.7012755
1,1.1193182,-1.3751589,0.9045523,-0.05929456,-0.4569917,-1.6222684,-1.6375259,-1.6820369,-1.6685882,-1.6863886
1,1.0437771,-1.3665814,1.0236938,-0.23928946,-0.4813764,-1.6250962,-1.6425203,-1.688813,-1.6706803,-1.6966684
0,1.1001092,-1.4144816,1.212357,-0.4276058,-0.52147907,-1.6146626,-1.6305034,-1.6936035,-1.6744878,-1.699975
0,1.0297323,-1.4135934,1.2967207,-0.5214289,-0.5139333,-1.615701,-1.6332053,-1.6982188,-1.6741525,-1.7049253
0,1.0833825,-1.4335519,1.3596722,-0.55462295,-0.5154616,-1.609784,-1.6278385,-1.6988924,-1.6756532,-1.7046232
1,1.4150443,-1.2866615,-0.020103922,0.7262029,-0.43463844,-1.6432546,-1.654026,-1.633683,-1.659735,-1.6296381
1,1.327254,-1.3544998,0.43412018,0.36943173,-0.37598717,-1.6345681,-1.6378906,-1.6568984,-1.6632138,-1.6568972
1,0.99247396,-1.3620199,1.0344764,-0.29135805,-0.517181,-1.623403,-1.6402156,-1.6888467,-1.6702948,-1.6978878
0,1.2522434,-1.3742399,0.7157555,0.14823364,-0.36277756,-1.6313766,-1.6390781,-1.6723752,-1.6701791,-1.6758049
0,1.297808,-1.4104531,0.8848424,-0.005302,-0.47353324,-1.621559,-1.6311918,-1.6790025,-1.6746172,-1.6810288
1,1.1400964,-1.3852788,0.9344704,-0.097874686,-0.45974296,-1.6242653,-1.6364635,-1.6843504,-1.6708883,-1.6888599
0,1.082503,-1.4551252,1.4958379,-0.679246,-0.54980886,-1.6030142,-1.6227783,-1.7039187,-1.6779559,-1.7084817
1,1.2382349,-1.3638874,0.63465315,0.17674804,-0.45654726,-1.6274986,-1.6374415,-1.6715926,-1.668731,-1.6716897
0,1.0741391,-1.4206513,1.3082755,-0.516818,-0.5107864,-1.6136898,-1.6313677,-1.6979369,-1.6758523,-1.7040874
1,1.3881041,-1.3441371,0.2636049,0.5288399,-0.32221898,-1.6364279,-1.6457098,-1.650712,-1.6636292,-1.6416394
1,1.0244647,-1.3811439,1.158756,-0.3734573,-0.4739216,-1.6240649,-1.6395111,-1.6926882,-1.6720537,-1.701764
0,1.0533545,-1.4342982,1.3955805,-0.61242217,-0.5457311,-1.6083692,-1.6269484,-1.7006599,-1.6766102,-1.7066771
1,1.22719,-1.391229,0.8754789,0.02863554,-0.33794904,-1.6276248,-1.6381923,-1.6799318,-1.6689142,-1.6821721
0,1.2909036,-1.4151595,0.90436494,-0.0055657583,-0.47106606,-1.6190041,-1.6267045,-1.6787714,-1.6761001,-1.6799798
0,0.96983767,-1.3694286,1.0776521,-0.33098653,-0.5014967,-1.6313299,-1.6431879,-1.6917837,-1.671171,-1.7019647
1,1.0143664,-1.3077317,0.65559053,0.10803469,-0.44327277,-1.6317903,-1.6443137,-1.6729769,-1.6639895,-1.6826342
0,1.0013741,-1.4041278,1.2416307,-0.5034118,-0.55349404,-1.6120582,-1.6286924,-1.6949368,-1.6731465,-1.7031884
0,1.0567414,-1.4041876,1.2275766,-0.458217,-0.55027163,-1.6158885,-1.6334325,-1.6945654,-1.6754117,-1.7023365
1,1.1315861,-1.4497757,1.410626,-0.59497225,-0.5533864,-1.6041195,-1.6238351,-1.7006414,-1.6774323,-1.7046993
0,1.3390895,-1.4136913,0.983511,-0.021299796,-0.34902722,-1.6208037,-1.6338787,-1.6803337,-1.6741543,-1.6825864
0,1.0971265,-1.3810083,1.0811387,-0.25744575,-0.44744304,-1.6221226,-1.6378251,-1.6871786,-1.6712168,-1.695992
0,1.0697833,-1.381418,1.0547876,-0.27241102,-0.49708542,-1.6213502,-1.6349025,-1.6877126,-1.6722813,-1.695627
1,1.3292294,-1.3551521,0.54068875,0.29369852,-0.34105054,-1.6320305,-1.640891,-1.6624302,-1.6668708,-1.6628928
0,1.0987781,-1.4389757,1.3804129,-0.5763722,-0.53619695,-1.6068678,-1.6259106,-1.6999434,-1.675814,-1.7048819
0,1.1993597,-1.3960798,1.0076528,-0.12695415,-0.41164678,-1.6235145,-1.6345706,-1.6836314,-1.6718873,-1.6896069
1,1.024612,-1.3874903,1.17924,-0.40348914,-0.4890927,-1.6211058,-1.6382884,-1.6940011,-1.671652,-1.702117
1,1.3666033,-1.3832715,0.56058604,0.2765944,-0.41759387,-1.6312491,-1.6361442,-1.6654325,-1.6714956,-1.6626308
0,1.0159086,-1.3985105,1.2181667,-0.4519788,-0.50895476,-1.6184531,-1.6358114,-1.6955976,-1.6725218,-1.7027574
0,1.2168435,-1.4341103,1.1743649,-0.35265034,-0.5096975,-1.6114286,-1.627473,-1.691122,-1.6754644,-1.6948029
0,1.1513733,-1.4172561,1.1708653,-0.3429874,-0.47924718,-1.6160831,-1.6291188,-1.6908667,-1.6747446,-1.6961871
1,1.1990831,-1.3380917,0.45529464,0.30727565,-0.4148144,-1.6299314,-1.6377296,-1.6598166,-1.665902,-1.6633373
1,1.3171356,-1.3285943,0.2858218,0.46376905,-0.34948933,-1.6375437,-1.6434971,-1.6532856,-1.6618825,-1.6499765
0,1.3387679,-1.4279083,0.9440271,-0.046598308,-0.4869297,-1.617832,-1.6266323,-1.6806886,-1.6764368,-1.6808594
0,1.2798216,-1.4226552,1.0170835,-0.15781853,-0.47836378,-1.6173149,-1.6281092,-1.6850272,-1.6770784,-1.6872718
0,1.2390156,-1.4054509,0.9001732,-0.017929826,-0.45113713,-1.6223516,-1.6325214,-1.6818632,-1.6727259,-1.6836321
0,1.1263206,-1.3684475,0.89082885,-0.007946188,-0.35509965,-1.6307942,-1.6414204,-1.6820909,-1.6667466,-1.6880034
0,1.1824893,-1.4551059,1.4361459,-0.5963299,-0.54660463,-1.6040207,-1.6215267,-1.6997765,-1.6797485,-1.704339
1,1.0933865,-1.4555035,1.4943979,-0.67249644,-0.54097444,-1.6030436,-1.622836,-1.7037003,-1.6778966,-1.7080982
1,1.0808992,-1.1418744,-0.2992593,0.7978038,-0.39444378,-1.6263928,-1.6416371,-1.6062963,-1.6429149,-1.6092958
0,1.2273947,-1.4214483,1.2201829,-0.36340818,-0.4662094,-1.6160481,-1.6308961,-1.6917032,-1.6768435,-1.6970761
1,1.2334363,-1.3838127,0.81420183,0.040175997,-0.45988277,-1.6249954,-1.6355064,-1.6774923,-1.6732688,-1.6809598
1,1.1627167,-1.4293408,1.2695141,-0.460518,-0.53686875,-1.6123506,-1.6278905,-1.6946503,-1.6780028,-1.700434
1,1.1080256,-1.4062471,1.0022659,-0.2584092,-0.5772959,-1.6178333,-1.6297166,-1.6877431,-1.6759564,-1.6933614
0,1.1705035,-1.343973,0.49243897,0.26647675,-0.4713366,-1.6320795,-1.639079,-1.6625549,-1.6650995,-1.6666254
0,1.1514766,-1.3280019,0.6134997,0.20492364,-0.30367193,-1.6340959,-1.6446894,-1.6687777,-1.6642072,-1.6731349
1,1.3270627,-1.4030862,0.7865232,0.07774917,-0.49153632,-1.6220076,-1.630681,-1.6752915,-1.6775373,-1.6748465
0,1.1521033,-1.4102795,1.0751162,-0.2687597,-0.4830292,-1.619499,-1.6307673,-1.6890868,-1.6744295,-1.6940327
1,1.1618514,-1.443471,1.3741355,-0.55301094,-0.54388505,-1.6057986,-1.6242778,-1.6981763,-1.6776031,-1.7032043
1,1.133131,-1.4461228,1.3996007,-0.5756044,-0.51308906,-1.6076305,-1.6250361,-1.7004567,-1.677345,-1.7049085
1,1.5046958,-1.4389074,0.7081985,0.19575813,-0.39285296,-1.6187512,-1.62406,-1.6703529,-1.6735575,-1.660806
